Case Number,Type,Status,Project Name,Issued Date,Applied Date,Expiration Date,Finalized Date,Module Name,Address,Main Parcel,Description
"WT-2019","Historical - Historical","Closed","","04/22/2002","04/22/2002","","12/01/2008","Permit","2701 E SH 114 SOUTHLAKE TX 76092","00032-2-1","Description: WALL TIE INSPSECTION"
"WT-2018","Historical - Historical","Closed","","04/03/2002","04/03/2002","","12/01/2008","Permit","613 FAIRWAY VIEW TER SOUTHLAKE TX 76092","00241-24-27","Description: WALL TIE INSPECTION"
"WT-2017","Historical - Historical","Closed","","02/18/2002","02/18/2002","","12/01/2008","Permit","1360 SHADY OAKS DR SOUTHLAKE TX 76092","00068--17","Description: SHEATHING INSPECTION SPECIAL INSPECTION"
"WT-2016","Historical - Historical","Closed","","01/14/2002","01/14/2002","","12/01/2008","Permit","111 S VILLAGE CENTER DR SOUTHLAKE TX 76092","00047-1-2","Description: WALL TIE IMSPECTION"
"WT-2015","Historical - Historical","Closed","","11/02/2001","11/02/2001","","12/01/2008","Permit","1230 W CONTINENTAL BLVD SOUTHLAKE TX 76092","00226--4","Description: SPECIAL WALL TIE"
"WT-2014","Historical - Historical","Closed","","09/28/2001","09/28/2001","","12/01/2008","Permit","425 E SOUTHLAKE BLVD SOUTHLAKE TX 76092","00086--19","Description: SPECIAL INSPECTION SHEATHING"
"WT-2013","Historical - Historical","Closed","","08/08/2001","08/08/2001","","12/01/2008","Permit","611 S WHITE CHAPEL BLVD SOUTHLAKE TX 76092","00041--11R","Description: WALL TIE INSPECTION"
"WT-2012","Historical - Historical","Closed","","07/30/2001","07/30/2001","","12/01/2008","Permit","2535 E SOUTHLAKE BLVD SOUTHLAKE TX 76092","00033-1-3R2","Description: SPECIAL INSPECTION BRICK TIE"
"WT-2011","Historical - Historical","Closed","","07/27/2001","07/27/2001","","12/01/2008","Permit","1312 OAKHURST DR SOUTHLAKE TX 76092","00311-2-17","Description: SPECIAL INSPECTION"
"WT-2010","Historical - Historical","Closed","","06/20/2001","06/20/2001","","12/01/2008","Permit","2755 FLORENCE RD SOUTHLAKE TX 76092","00027--8","Description: SPECIAL INSPECTION BRICK TIES"
"WT-2009","Historical - Historical","Closed","","06/11/2001","06/11/2001","","12/01/2008","Permit","1333 EAGLE BEND SOUTHLAKE TX 76092","00240-63-14","Description: WALL TIE"
"WT-2008","Historical - Historical","Closed","","06/08/2001","06/08/2001","","12/01/2008","Permit","615 BREWER RD SOUTHLAKE TX 76092","00169-1-3","Description: SPECIAL INSPECTION SHEATHING"
"WT-2007","Historical - Historical","Closed","","06/05/2001","06/05/2001","","12/01/2008","Permit","1636 BYRON NELSON PKWY SOUTHLAKE TX 76092","00239-1-28","Description: WALL TIE INSPECTION"
"WT-2006","Historical - Historical","Closed","","05/14/2001","05/14/2001","","12/01/2008","Permit","2354 E SH 114 SOUTHLAKE TX 76092","No Parcel ID","Description: SPECIAL WALL TIE INSPECTION"
"WT-2005","Historical - Historical","Closed","","11/02/2000","11/02/2000","","12/01/2008","Permit","3100 E SOUTHLAKE BLVD SOUTHLAKE TX 76092","00031-2-2","Description: SPECIAL WALL TIE INSPECTION"
"WT-2004","Historical - Historical","Closed","","10/09/2000","10/09/2000","","12/01/2008","Permit","101 N KIMBALL AVE SOUTHLAKE TX 76092","00082-1-4","Description: SHEATHING & PARTIAL ELECTRICAL INSPEC."
"WT-2003","Historical - Historical","Closed","","08/11/2000","08/11/2000","","12/01/2008","Permit","1404 LAUREL LN SOUTHLAKE TX 76092","00096-1-10","Description: WALL TIE INSPECTION"
"WT-2002","Historical - Historical","Closed","","08/09/2000","08/09/2000","","12/01/2008","Permit","1200 STANHOPE CT SOUTHLAKE TX 76092","00211-1-1","Description: WALL TIES/SHEATHING INSPECTION"
"WT-2001","Historical - Historical","Closed","","06/22/2000","06/22/2000","","12/01/2008","Permit","712 KENT CT SOUTHLAKE TX 76092","00280-2-102","Description: SPECIAL WALL TIE INSPECTION"
"WT-2000","Historical - Historical","Closed","","03/17/2000","03/17/2000","","12/01/2008","Permit","608 INDIAN PAINTBRUSH WAY SOUTHLAKE TX 76092","00207-5-6","Description: WALL TIE INSPECTION"
"WILD24-0001","Wildflower","Closed","","02/28/2024","02/28/2024","02/22/2025","02/22/2025","Permit","307 PARKWOOD DR","00201-1-1R","Establishment of a no-mow area to allow wildflowers to grow until approximately July."
"WILD17-0043","Wildflower","Closed","","","03/16/2017","","03/28/2018","Permit","3360 HILLSIDE DR SOUTHLAKE TX 76092","00039-7-4R1","Application Name: Wildflower area
Assigned To Staff: Cheryl Cooper
Description: Wildflowers have been sewn as described on the attached map and during the growing season we mow around the flowers but do not mow them while in bloom. We do maintain boundary around the wildflower area."
"WILD16-0070","Wildflower","Closed","","","05/27/2016","","05/27/2016","Permit","1591 RANDOL MILL AVE SOUTHLAKE TX 76092","00098--6","Application Name: Loma Vista Addition
"
"WILD16-0036","Wildflower","Closed","","","03/14/2016","","03/14/2016","Permit","3360 HILLSIDE DR SOUTHLAKE TX 76092","00039-7-4R1","Application Name: Grace Estates Addition
"
"WILD15-0013","Wildflower","Closed","","03/20/2015","01/28/2015","","01/28/2015","Permit","3360 HILLSIDE DR SOUTHLAKE TX 76092","00039-7-4R1","Application Name: Grace Estates
"
"WILD14-0001","Wildflower","Closed","","01/27/2014","01/02/2014","","01/02/2014","Permit","3360 HILLSIDE DR SOUTHLAKE TX 76092","00039-7-4R1","Description: We sew Texas wildflowers as described on the attached map and during the growing season we mow around the flower but do not mow them down until after the blooming season."
"WILD13-0018","Wildflower","Closed","","02/11/2013","01/17/2013","","01/17/2013","Permit","3360 HILLSIDE DR SOUTHLAKE TX 76092","00039-7-4R1","Application Name: 3360 Hillside Dr.
Description: Wildflower permit for the establishment of wildflowers in a section of the applicants yard. South portion of the yard."
"WILD09-0112","Wildflower","Closed","","05/01/2009","04/23/2009","","05/01/2009","Permit","1201 CYPRESS CREEK CIR SOUTHLAKE TX 76092","00247-2-9","Description: area outside fence along peytonville rd primarily south of gate/driveway - the area  will be re done in the fall on the north end"
"WILD-7","Wildflower","Closed","","","04/25/2005","","12/01/2008","Permit","400 N WHITE CHAPEL BLVD SOUTHLAKE TX 76092","00346--1","Description: KEITH MARTIN"
"WILD-6","Wildflower","Closed","","","07/18/2004","","12/01/2008","Permit","1201 VILLAGE GREEN DR SOUTHLAKE TX 76092","00373--3B","Description: KEITH MARTIN"
"WILD-5","Wildflower","Closed","","","07/16/2004","","12/01/2008","Permit","3001 JOHNSON RD SOUTHLAKE TX 76092","No Parcel ID","Description: KEITH MARTIN"
"WILD-4","Wildflower","Closed","","","07/16/2004","","12/01/2008","Permit","400 N WHITE CHAPEL BLVD SOUTHLAKE TX 76092","00346--1","Description: KEITH MARTIN"
"WILD-3","Wildflower","Closed","","","07/16/2004","","12/01/2008","Permit","1225 MCCRAE TRL SOUTHLAKE TX 76092","00100-1-27","Description: KEITH MARTIN"
"WILD-2","Wildflower","Closed","","","07/16/2004","","12/01/2008","Permit","3901 N WHITE CHAPEL BLVD SOUTHLAKE TX 76092","00354--12A","Description: KEITH MARTIN"
"WILD-1031","Wildflower","Closed","","","04/22/2008","","12/01/2008","Permit","823 S PEYTONVILLE AVE SOUTHLAKE TX 76092","00036-1-1","Description: KEITH MARTIN"
"WILD-1030","Wildflower","Closed","","","04/15/2008","","12/01/2008","Permit","801 S PEYTONVILLE AVE SOUTHLAKE TX 76092","00374--1G","Description: KEITH MARTIN"
"WILD-1029","Wildflower","Closed","","","03/05/2008","","12/01/2008","Permit","1201 CYPRESS CREEK CIR SOUTHLAKE TX 76092","00247-2-9","Description: KEITH MARTIN"
"WILD-1028","Wildflower","Closed","","","05/11/2007","","12/01/2008","Permit","823 S PEYTONVILLE AVE SOUTHLAKE TX 76092","00036-1-1","Description: KEITH MARTIN"
"WILD-1027","Wildflower","Closed","","","04/16/2007","","12/01/2008","Permit","3001 JOHNSON RD SOUTHLAKE TX 76092","No Parcel ID","Description: KEITH MARTIN"
"WILD-1026","Wildflower","Closed","","","04/16/2007","","12/01/2008","Permit","400 N WHITE CHAPEL BLVD SOUTHLAKE TX 76092","00346--1","Description: KEIHT MARTIN"
"WILD-1025","Wildflower","Closed","","","04/16/2007","","12/01/2008","Permit","1225 MCCRAE TRL SOUTHLAKE TX 76092","00100-1-27","Description: KEITH MARTIN"
"WILD-1024","Wildflower","Closed","","","04/16/2007","","12/01/2008","Permit","3901 N WHITE CHAPEL BLVD SOUTHLAKE TX 76092","00354--12A","Description: KEITH MARTIN"
"WILD-1023","Wildflower","Closed","","","04/16/2007","","12/01/2008","Permit","590 E DOVE RD SOUTHLAKE TX 76092","00331--1C01A","Description: KEITH MARTIN"
"WILD-1022","Wildflower","Closed","","","04/16/2007","","12/01/2008","Permit","1725 W CONTINENTAL BLVD SOUTHLAKE TX 76092","No Parcel ID","Description: KEITH MARTIN"
"WILD-1021","Wildflower","Closed","","","05/23/2006","","12/01/2008","Permit","3901 N WHITE CHAPEL BLVD SOUTHLAKE TX 76092","00354--12A","Description: KEITH MARTIN"
"WILD-1020","Wildflower","Closed","","","05/23/2006","","12/01/2008","Permit","400 N WHITE CHAPEL BLVD SOUTHLAKE TX 76092","00346--1","Description: KEITH MARTIN"
"WILD-1019","Wildflower","Closed","","","05/23/2006","","12/01/2008","Permit","1225 MCCRAE TRL SOUTHLAKE TX 76092","00100-1-27","Description: KEITH MARTIN"
"WILD-1018","Wildflower","Closed","","","05/23/2006","","12/01/2008","Permit","3001 JOHNSON RD SOUTHLAKE TX 76092","No Parcel ID","Description: KEITH MARTIN"
"WILD-1017","Wildflower","Closed","","","05/23/2006","","12/01/2008","Permit","590 E DOVE RD SOUTHLAKE TX 76092","00331--1C01A","Description: KEITH MARTIN"
"WILD-1016","Wildflower","Closed","","","05/23/2006","","12/01/2008","Permit","1725 W CONTINENTAL BLVD SOUTHLAKE TX 76092","No Parcel ID","Description: KEITH MARTIN"
"WILD-1014","Wildflower","Closed","","","07/13/2005","","12/01/2008","Permit","2502 HILLSIDE CT SOUTHLAKE TX 76092","00065--10","Description: KEITH MARTIN"
"WILD-1013","Wildflower","Closed","","","05/24/2005","","12/01/2008","Permit","1201 CYPRESS CREEK CIR SOUTHLAKE TX 76092","00247-2-9","Description: KEITH MARTIN"
"WILD-1012","Wildflower","Closed","","","04/25/2005","","12/01/2008","Permit","1725 W CONTINENTAL BLVD SOUTHLAKE TX 76092","No Parcel ID","Description: KEITH MARTIN"
"WILD-1011","Wildflower","Closed","","","04/25/2005","","12/01/2008","Permit","590 E DOVE RD SOUTHLAKE TX 76092","00331--1C01A","Description: KEITH MARTIN"
"WILD-1010","Wildflower","Closed","","","04/25/2005","","12/01/2008","Permit","3001 JOHNSON RD SOUTHLAKE TX 76092","No Parcel ID","Description: KEITH MARTIN"
"WILD-1009","Wildflower","Closed","","","04/25/2005","","12/01/2008","Permit","3901 N WHITE CHAPEL BLVD SOUTHLAKE TX 76092","00354--12A",""
"WILD-1008","Wildflower","Closed","","","04/25/2005","","12/01/2008","Permit","1225 MCCRAE TRL SOUTHLAKE TX 76092","00100-1-27","Description: KEITH MARTIN"
"WILD-1","Wildflower","Closed","","","06/29/2004","","12/01/2008","Permit","590 E DOVE RD SOUTHLAKE TX 76092","00331--1C01A","Description: KEITH MARTIN"
"WHTR25-0325","Plumbing Water Heater","Closed","","12/04/2025","12/04/2025","03/05/2026","12/05/2025","Permit","902 CANTERBURY CT","00213-8-73","50 gal gas water heater replacement"
"WHTR25-0324","Plumbing Water Heater","Issued","","12/03/2025","12/03/2025","03/03/2026","","Permit","806 HANOVER DR","00243-28-18","Replace two 50 gallon gas water heaters in attic"
"WHTR25-0323","Plumbing Water Heater","Issued","","12/02/2025","12/02/2025","03/02/2026","","Permit","516 FOX GLENN","00023-1-1","Replace 50 gal gas water heater in attic"
"WHTR25-0322","Plumbing Water Heater","Issued","","12/02/2025","12/02/2025","03/02/2026","","Permit","620 FAIRWAY VIEW TER","00241-25-21","replace a tankless water heater in attice"
"WHTR25-0321","Plumbing Water Heater","Issued","","12/01/2025","12/01/2025","03/01/2026","","Permit","1204 PLANTATION DR","00293-A-14","Replaced tankless water heater in attic above Master bath"
"WHTR25-0320","Plumbing Water Heater","Closed","","12/01/2025","12/01/2025","03/03/2026","12/03/2025","Permit","803 PARKCREST CT","00245-7-33","Replace tankless with new tankless"
"WHTR25-0319","Plumbing Water Heater","Closed","","11/30/2025","11/30/2025","03/03/2026","12/03/2025","Permit","605 LOGANS LN","00241-26-21","water heater replacement 50 gal"
"WHTR25-0318","Plumbing Water Heater","Closed","","11/30/2025","11/30/2025","03/05/2026","12/05/2025","Permit","4101 SOUTH FORK RD","00306-1-2","replacing 3 water heaters 50 gal"
"WHTR25-0317","Plumbing Water Heater","Closed","","11/26/2025","11/26/2025","03/02/2026","12/02/2025","Permit","1221 WYNDHAM HILL LN","00119-2-36","Special Instructions:2 water heater replacement 10  year and up grade the recirculation plumbing. 2 new Bradford, white 50 gallon gas water heaters and New supply lines new gas flexs we will be hauling off the existing water heaters. And Ensure that everything is working properly 10 year warranty. Also Install two new customer supplied toilets."
"WHTR25-0316","Plumbing Water Heater","Issued","","11/26/2025","11/26/2025","02/24/2026","","Permit","805 SHORECREST CT","00245-8-10","Replacing two (2) 50 gallon gas water heaters in attic"
"WHTR25-0315","Plumbing Water Heater","Closed","","11/21/2025","11/21/2025","03/03/2026","12/03/2025","Permit","1628 TUSCAN RIDGE CIR","00252-2-19","GAS WATER HEATER REPLACEMENT"
"WHTR25-0314","Plumbing Water Heater","Closed","","11/21/2025","11/20/2025","02/23/2026","11/24/2025","Permit","225 BENT CREEK CT","00234-7-24","Replaced 2-50 gallon gas water heaters in attic"
"WHTR25-0313","Plumbing Water Heater","Closed","","11/20/2025","11/20/2025","03/02/2026","12/01/2025","Permit","3191 HILLTOP DR","00066--15","install (1) 50 gal gas in garage closet (change out)"
"WHTR25-0312","Plumbing Water Heater","Closed","","11/19/2025","11/19/2025","03/02/2026","12/01/2025","Permit","107 SAN JACINTO CT","00198-3-15","TANKLESS INSTALL W/ MEDIUM PRESSURE GAS UPGRADES"
"WHTR25-0311","Plumbing Water Heater","Issued","","11/18/2025","11/18/2025","02/23/2026","","Permit","1205 SAN AUGUSTINE CT","00198-5-10R","water heater repalcement 50 gal"
"WHTR25-0310","Plumbing Water Heater","Closed","","11/17/2025","11/17/2025","03/02/2026","12/01/2025","Permit","1409 MAYFAIR PL","00213-7-11","INSTALL (1) 50 GAL GAS WATER HEATER IN ATTIC (CHANGE OUT)"
"WHTR25-0309","Plumbing Water Heater","Closed","","11/17/2025","11/17/2025","02/16/2026","11/18/2025","Permit","1625 MOCKINGBIRD LN","00002-1-13","50 gallon gas water heater in laundry room closet"
"WHTR25-0308","Plumbing Water Heater","Closed","","11/17/2025","11/16/2025","02/23/2026","11/24/2025","Permit","2009 VAIL RD","00015-8-2","removing 2 50 gal water heaters and installing a tankless water heater"
"WHTR25-0307","Plumbing Water Heater","Issued","","11/13/2025","11/13/2025","03/04/2026","","Permit","1014 BRAZOS DR","00198-1-64","INSTALL (1) 50 GAL GAS WATER HEATER IN CLOSET (CHANGE OUT)"
"WHTR25-0306","Plumbing Water Heater","Issued","","11/12/2025","11/12/2025","03/02/2026","","Permit","719 ABERDEEN WAY","00237-19-9","Replaced 1 tankless water heater in attic
Replaced 1 50 gallon gas water heater in garage closet"
"WHTR25-0303","Plumbing Water Heater","Closed","","11/12/2025","11/12/2025","02/18/2026","11/20/2025","Permit","1201 BRAZOS DR","00198-2-7","Install two (2) Navien tankless water heaters"
"WHTR25-0302","Plumbing Water Heater","Issued","","11/07/2025","11/07/2025","02/19/2026","","Permit","506 GLENBROOK CT","00245-4-26","install (1) 40 gal gas water heater in attic (change out)"
"WHTR25-0301","Plumbing Water Heater","Closed","","11/06/2025","11/06/2025","02/05/2026","11/07/2025","Permit","1804 LEEDS DR","00096-2-11","Install 50 gal gas water heater in the attic"
"WHTR25-0300","Plumbing Water Heater","Closed","","11/06/2025","11/06/2025","02/11/2026","11/13/2025","Permit","2810 LINDEN LN","00084-3-11","Replacing 50 gallon electric water heater in attic"
"WHTR25-0299","Plumbing Water Heater","Withdrawn","","","11/06/2025","","","Permit","2810 LINDEN LN","00084-3-11","Replacing 50 gallon gas water heater in attic"
"WHTR25-0298","Plumbing Water Heater","Closed","","11/06/2025","11/06/2025","02/23/2026","11/24/2025","Permit","2408 TAYLOR ST","00011-3-8","install (1) 50 gal gas water heater in garage cubby (change out)"
"WHTR25-0297","Plumbing Water Heater","Closed","","11/03/2025","11/03/2025","02/02/2026","11/04/2025","Permit","724 SAXON TRL","00233-56-13","Replace 50 gal gas water heater in attic"
"WHTR25-0296","Plumbing Water Heater","Closed","","11/03/2025","11/03/2025","02/04/2026","11/06/2025","Permit","511 REGENCY CROSSING","00236-42-7","water heater X2"
"WHTR25-0295","Plumbing Water Heater","Closed","","11/03/2025","11/03/2025","02/04/2026","11/06/2025","Permit","204 MARIE CIR","00440--15","Replace 50 gallon gas water heater"
"WHTR25-0294","Plumbing Water Heater","Closed","","10/30/2025","10/30/2025","02/02/2026","11/03/2025","Permit","1610 PECOS DR","00198-3-83","replacing one water heater 50 gal"
"WHTR25-0293","Plumbing Water Heater","Issued","","10/29/2025","10/29/2025","02/05/2026","","Permit","1905 CRESSON DR","00315-2-6","Replace gas tankless water heater in attic"
"WHTR25-0292","Plumbing Water Heater","Closed","","10/28/2025","10/28/2025","01/28/2026","10/30/2025","Permit","232 MARIE CIR","00440--8","Replacing gas tankless water heater"
"WHTR25-0291","Plumbing Water Heater","Issued","","10/27/2025","10/27/2025","01/25/2026","","Permit","1734 TUSCAN RIDGE CIR","00252-2-7","install (1) 50 gal gas water heater in attic (change out)"
"WHTR25-0290","Plumbing Water Heater","Closed","","10/23/2025","10/23/2025","01/26/2026","10/27/2025","Permit","1415 PARK PL","00139-1-4","Install Rinnai tankless water heater"
"WHTR25-0289","Plumbing Water Heater","Closed","","10/23/2025","10/23/2025","01/26/2026","10/27/2025","Permit","200 E CONTINENTAL BLVD","00037-1-3R2","Replace tankless water heater for master bath area."
"WHTR25-0288","Plumbing Water Heater","Closed","","10/21/2025","10/21/2025","01/22/2026","10/24/2025","Permit","800 RIDGEDALE CT","00245-3-41","Replace gas 40/59 gallon water heater."
"WHTR25-0287","Plumbing Water Heater","Issued","","10/20/2025","10/20/2025","01/29/2026","","Permit","112 KILLDEER CT","00122-1-18","Install 50 Gallon Gas Water Heater in Attic (Swap Out)"
"WHTR25-0286","Plumbing Water Heater","Closed","","10/15/2025","10/15/2025","01/26/2026","10/27/2025","Permit","1310 PECOS DR","00198-3-11","Replace 50 Natgas water heater in the attic"
"WHTR25-0285","Plumbing Water Heater","Closed","","10/13/2025","10/13/2025","01/12/2026","10/14/2025","Permit","500 LORRAINE DR","00258-1-3","tankless water heater replacement/swapout"
"WHTR25-0284","Plumbing Water Heater","Closed","","10/07/2025","10/07/2025","01/21/2026","10/23/2025","Permit","1362 WHITE WING CT","00003-2-34","install (1) 50 gal gas water heater in garage closet (change out)"
"WHTR25-0283","Plumbing Water Heater","Closed","","10/06/2025","10/06/2025","01/05/2026","10/07/2025","Permit","1013 SOUTH HOLLOW DR","00195-2-7","Replace 50 gal gas w/h in interior closet"
"WHTR25-0282","Plumbing Water Heater","Closed","","10/06/2025","10/06/2025","01/08/2026","10/10/2025","Permit","436 CHAPEL DOWNS CT","00186-1-10","Install 2 tankless gas water heaters in attic."
"WHTR25-0281","Plumbing Water Heater","Issued","","10/06/2025","10/06/2025","01/07/2026","","Permit","905 SILVERTON ST","00015-10-6","Remove two tank water heaters and Install two tankless water heaters"
"WHTR25-0280","Plumbing Water Heater","Closed","","10/02/2025","10/02/2025","01/28/2026","10/30/2025","Permit","1202 NORMANDY DR","00213-1-7","Tankless water heater located in the attic"
"WHTR25-0279","Plumbing Water Heater","Closed","","10/01/2025","10/01/2025","01/01/2026","10/03/2025","Permit","728 SAXON TRL","00233-56-11","We will be putting in two 50 gallon gas water heaters located in the attic."
"WHTR25-0278","Plumbing Water Heater","Closed","","09/29/2025","09/29/2025","12/29/2025","09/30/2025","Permit","101 YALE CT","00154-1-21","Install 50 gal gas water heater in attic above the garage with flood stop"
"WHTR25-0277","Plumbing Water Heater","Closed","","09/29/2025","09/29/2025","12/30/2025","10/01/2025","Permit","507 MORNINGSIDE DR","00125-1-17","Replacing 2 gas water heaters in the attic"
"WHTR25-0276","Plumbing Water Heater","Closed","","09/29/2025","09/29/2025","01/05/2026","10/07/2025","Permit","921 EMERALD BLVD","00321-3-4","Replace 50 gallon gas water heater"
"WHTR25-0275","Plumbing Water Heater","Closed","","09/26/2025","09/24/2025","12/30/2025","10/01/2025","Permit","1130 TAYLOR ST","00011-1-2","Install 50 gallon gas water heater in the closet near the kitchen"
"WHTR25-0274","Plumbing Water Heater","Closed","","09/24/2025","09/24/2025","01/07/2026","10/09/2025","Permit","1016 COOL RIVER DR","00448-3-5","GAS WATER HEATER REPLACEMENT"
"WHTR25-0273","Plumbing Water Heater","Closed","","09/23/2025","09/23/2025","12/26/2025","09/26/2025","Permit","109 RIVER OAKS DR Unit: 100","00431--2","6 gal electric water heaterincloset"
"WHTR25-0272","Plumbing Water Heater","Closed","","09/23/2025","09/23/2025","02/17/2026","11/19/2025","Permit","604 CONCHO CT","00198-3-90","40 gallon gas mid-size water heater"
"WHTR25-0271","Plumbing Water Heater","Closed","","09/19/2025","09/19/2025","12/23/2025","09/24/2025","Permit","904 HILLCREST TRL","00196-3-5","Replacing one (1) 50 gallon gas water heater & one (1) 50 gallon electric water heater"
"WHTR25-0270","Plumbing Water Heater","Closed","","09/19/2025","09/19/2025","01/05/2026","10/06/2025","Permit","2116 KIMBALL HILL CT","00083-1-6","Replace  two 50-gallon Gas water heaters in closet next to back yard"
"WHTR25-0269","Plumbing Water Heater","Issued","","09/19/2025","09/18/2025","12/18/2025","","Permit","2155 ESTES PARK DR","00015-3-7","2- 50 gallon gas water heater change out in attic"
"WHTR25-0268","Plumbing Water Heater","Withdrawn","","","09/18/2025","","","Permit","604 CONCHO CT","00198-3-90","Install a high efficiency natural gas tankless water heater. Save space, enjoy continuous hot water, and start saving on energy from day one.

Navien NPE-240A2
2 YEAR WARRANTY parts and labor
Less time waiting for hot water due to recirculation
Will require permit and inspection"
"WHTR25-0267","Plumbing Water Heater","Issued","","09/18/2025","09/18/2025","12/31/2025","","Permit","105 SURREY CT","00297-4-4","install (1) 50 gal gas water heater in 2nd floor closet (change out)"
"WHTR25-0266","Plumbing Water Heater","Closed","","09/18/2025","09/18/2025","12/31/2025","10/02/2025","Permit","522 QUEENSBURY TURN","00236-42-23R","Replacing two (2) 50 gallon gas water heaters"
"WHTR25-0265","Plumbing Water Heater","Closed","","09/17/2025","09/17/2025","12/17/2025","09/18/2025","Permit","1901 CRESSON DR","00315-2-8","Replace 50 gal Gas wtr heater"
"WHTR25-0264","Plumbing Water Heater","Closed","","09/16/2025","09/16/2025","02/02/2026","11/04/2025","Permit","900 SILVERTON ST","00015-10-1","install (1) rinnai 11.2 gas tankless water heater in attic"
"WHTR25-0263","Plumbing Water Heater","Closed","","09/16/2025","09/16/2025","12/17/2025","09/18/2025","Permit","1319 WESTMONT CT","00129-1-25","replacing 2 water heaters 50 gal"
"WHTR25-0262","Plumbing Water Heater","Closed","","09/16/2025","09/16/2025","12/26/2025","09/25/2025","Permit","1028 SUMMERPLACE LN","00218-3-4","water heater 50 gallon electric"
"WHTR25-0258","Plumbing Water Heater","Closed","","09/15/2025","09/15/2025","12/17/2025","09/18/2025","Permit","910 AARON WAY","00243-31-51","tankless water heater"
"WHTR25-0257","Plumbing Water Heater","Closed","","09/14/2025","09/14/2025","12/15/2025","09/15/2025","Permit","3025 BRIAR LN","00081-A-2R1","replacing 2 water heaters 50 gal"
"WHTR25-0256","Plumbing Water Heater","Closed","","09/11/2025","09/11/2025","12/11/2025","09/12/2025","Permit","500 CLAYTON CT","00229-52-13","Replace one (1) 50 gal gas water heater in garage"
"WHTR25-0255","Plumbing Water Heater","Closed","","09/10/2025","09/10/2025","12/26/2025","09/26/2025","Permit","1009 SOUTHLAKE HILLS DR","00196-1-2","Replace two (2) 50 gal gas water heaters in the garage"
"WHTR25-0254","Plumbing Water Heater","Closed","","09/05/2025","09/05/2025","12/10/2025","09/11/2025","Permit","105 HARVARD DR","00154-4-8","50 gal gas in attic"
"WHTR25-0253","Plumbing Water Heater","Closed","","09/04/2025","09/04/2025","12/04/2025","09/05/2025","Permit","707 SHADOW GLEN DR","00245-3-29","1-50 gallon gas heater in garage"
"WHTR25-0252","Plumbing Water Heater","Closed","","09/02/2025","09/02/2025","12/11/2025","09/12/2025","Permit","1435 BENT TRAIL CIR","00234-8-10","Replace 2 tanked water heaters with Tankless, Walk in attic access"
"WHTR25-0251","Plumbing Water Heater","Closed","","09/02/2025","09/02/2025","12/10/2025","09/11/2025","Permit","1403 CHIMNEY WORKS DR","00299-2-2","Replace 50 gal gas water heater in attic."
"WHTR25-0250","Plumbing Water Heater","Closed","","09/02/2025","09/02/2025","12/08/2025","09/08/2025","Permit","1380 BENT TRAIL CIR","00234-9-40","replace 2- tankless water heaters"
"WHTR25-0249","Plumbing Water Heater","Closed","","09/02/2025","09/02/2025","12/02/2025","09/03/2025","Permit","2237 COTSWOLD VALLEY CT","00412-1-7","replace 1- 50 gallon gas water heater in garage"
"WHTR25-0248","Plumbing Water Heater","Closed","","08/28/2025","08/28/2025","12/01/2025","09/02/2025","Permit","110 SAN JACINTO CT","00198-3-18","Replacing 2 gas water heaters; one in the attic and one in the garage"
"WHTR25-0247","Plumbing Water Heater","Closed","","08/22/2025","08/22/2025","12/04/2025","09/05/2025","Permit","1213 SABINE CT","00198-1-19","install (1) 50 gal gas water heater in hall closet (swap out)"
"WHTR25-0246","Plumbing Water Heater","Expired","","08/22/2025","08/22/2025","11/20/2025","","Permit","1013 TENNYSON DR","00418-2-2","gas water heater replacement"
"WHTR25-0245","Plumbing Water Heater","Expired","","08/21/2025","08/21/2025","11/24/2025","","Permit","1400 BENTLEY CT","00234-5-29","replacing 2 water heaters 50 gal in attic"
"WHTR25-0244","Plumbing Water Heater","Closed","","08/21/2025","08/21/2025","11/26/2025","08/28/2025","Permit","915 TURNBERRY LN","00316-3-19","replacing one 50 gal  gas"
"WHTR25-0243","Plumbing Water Heater","Closed","","08/20/2025","08/20/2025","11/25/2025","08/27/2025","Permit","1431 KENSINGTON CT","00236-40-16","tankless water heater swap in garage"
"WHTR25-0242","Plumbing Water Heater","Closed","","08/20/2025","08/20/2025","11/20/2025","08/22/2025","Permit","2237 COTSWOLD VALLEY CT","00412-1-7","water heater X2"
"WHTR25-0241","Plumbing Water Heater","Expired","","08/22/2025","08/19/2025","11/20/2025","","Permit","1904 PTARMIGAN ST","00163-2-7R","gas water heater replacement in garage closet"
"WHTR25-0240","Plumbing Water Heater","Closed","","08/19/2025","08/19/2025","12/03/2025","09/04/2025","Permit","1505 BURNEY LN","00298--6","tankless water heater replaement in attic"
"WHTR25-0239","Plumbing Water Heater","Closed","","08/18/2025","08/18/2025","11/18/2025","08/20/2025","Permit","360 SILVERWOOD CIR","00231-2-30","relocate existing water heater from attic to garage only"
"WHTR25-0238","Plumbing Water Heater","Expired","","08/18/2025","08/18/2025","11/16/2025","","Permit","104 CHURCHILL CIR","00295-2-25","gas water heater replacement in attic"
"WHTR25-0237","Plumbing Water Heater","Closed","","08/18/2025","08/18/2025","11/17/2025","08/19/2025","Permit","1204 SCENIC DR","00311-1-2","We will be getting rid of the old water heater and will be putting in a 50 gallon gas water heater located in the garage closet."
"WHTR25-0236","Plumbing Water Heater","Closed","","08/14/2025","08/14/2025","11/24/2025","08/25/2025","Permit","706 NELSON CT","00237-19-15","replacing 3 water heaters 50 gal"
"WHTR25-0235","Plumbing Water Heater","Expired","","08/13/2025","08/13/2025","11/11/2025","","Permit","774 BLACK FOREST CT","00015-3-3","water heater X2 50 gal"
"WHTR25-0234","Plumbing Water Heater","Closed","","08/13/2025","08/13/2025","01/20/2026","10/22/2025","Permit","1375 RANDOL MILL AVE","00410--6","installing Rheem Tankless water heater"
"WHTR25-0233","Plumbing Water Heater","Closed","","08/11/2025","08/11/2025","11/13/2025","08/15/2025","Permit","510 STONEBURY DR","00215-1-11R","replacing 2 50 gal water heaters"
"WHTR25-0232","Plumbing Water Heater","Closed","","08/11/2025","08/11/2025","11/11/2025","08/13/2025","Permit","108 STARLING CT","00122-1-29","Replacing 40 gallon gas water heater"
"WHTR25-0231","Plumbing Water Heater","Issued","","08/08/2025","08/08/2025","12/15/2025","","Permit","1211 NORMANDY DR","00213-2-32","GAS WATER HEATER REPLACEMENT"
"WHTR25-0230","Plumbing Water Heater","Closed","","08/08/2025","08/08/2025","11/12/2025","08/14/2025","Permit","240 HIGHLAND OAKS CIR","00231-1-5","Revised scope of work: The homeowner has decided to go tankless"
"WHTR25-0229","Plumbing Water Heater","Closed","","08/07/2025","08/07/2025","11/10/2025","08/12/2025","Permit","506 VICKSBURG WAY","00119-2-2","water heater 50 gal replacement"
"WHTR25-0228","Plumbing Water Heater","Closed","","08/07/2025","08/07/2025","11/11/2025","08/13/2025","Permit","2710 DERBY CT","00280-1-19","REplacing 50 gallon gas water heater"
"WHTR25-0227","Plumbing Water Heater","Closed","","08/07/2025","08/07/2025","11/06/2025","08/08/2025","Permit","906 NOTTINGHAM CIR","00213-8-56","Replace 50 gallon gas water heater"
"WHTR25-0226","Plumbing Water Heater","Closed","","08/07/2025","08/07/2025","11/10/2025","08/12/2025","Permit","312 WATERMERE DR","00406-2-3","tankless water heater swapout"
"WHTR25-0225","Plumbing Water Heater","Closed","","08/06/2025","08/06/2025","11/10/2025","08/12/2025","Permit","455 SOUTHLAKE PARK RD E","00197-4-2R","replace 2- 50 gallon gas water heaters"
"WHTR25-0224","Plumbing Water Heater","Closed","","08/06/2025","08/06/2025","12/30/2025","10/01/2025","Permit","608 LORRAINE DR","00258-5-5","Replace 50 gallon gas wh"
"WHTR25-0223","Plumbing Water Heater","Closed","","08/05/2025","08/05/2025","11/04/2025","08/06/2025","Permit","4357 HOMESTEAD DR","00075--18","2 50 gallon gas install in garage"
"WHTR25-0222","Plumbing Water Heater","Closed","","08/05/2025","08/05/2025","11/04/2025","08/06/2025","Permit","435 MARSHALL RD","00084-2-12","Replacing the gas water heater in the attic"
"WHTR25-0221","Plumbing Water Heater","Closed","","08/04/2025","08/04/2025","11/06/2025","08/08/2025","Permit","1217 FOREST HILLS DR","00129-1-57","Replacement of gas water heater in the attic."
"WHTR25-0220","Plumbing Water Heater","Closed","","08/04/2025","08/04/2025","11/20/2025","08/22/2025","Permit","504 STONEWALL CT","00198-3-76","Installation of a new 50 Gallon Natural Gas Water Heater"
"WHTR25-0219","Plumbing Water Heater","Expired","","08/01/2025","08/01/2025","12/01/2025","","Permit","1712 WILD ROSE WAY","00122-3-7","Install tankless water heater"
"WHTR25-0218","Plumbing Water Heater","Closed","","08/01/2025","08/01/2025","12/11/2025","09/12/2025","Permit","910 BRAZOS DR","00198-1-110","Replace 50 gallon gas water heater"
"WHTR25-0217","Plumbing Water Heater","Closed","","07/31/2025","07/31/2025","12/22/2025","09/22/2025","Permit","609 BORDEAUX DR","00258-2-13","replace 50 gal gas water heater in attic"
"WHTR25-0216","Plumbing Water Heater","Issued","","07/31/2025","07/31/2025","01/06/2026","","Permit","204 STOCKTON DR","00085-2-8","replace gas water heater in attic"
"WHTR25-0215","Plumbing Water Heater","Closed","","07/31/2025","07/31/2025","10/30/2025","08/01/2025","Permit","3100 POWHATAN CT","00297-2-31","REPLACE WATER HEATER"
"WHTR25-0214","Plumbing Water Heater","Expired","","07/30/2025","07/30/2025","10/29/2025","","Permit","1410 PARK PL","00139-2-28","to replace x1 50 gal gas water heater in the walk in attic left unit"
"WHTR25-0213","Plumbing Water Heater","Expired","","07/30/2025","07/30/2025","10/28/2025","","Permit","1485 BENT CREEK DR","00234-5-36","Replace three water heaters"
"WHTR25-0212","Plumbing Water Heater","Closed","","07/30/2025","07/30/2025","10/29/2025","07/31/2025","Permit","2004 ESTES PARK DR","00015-8-6","Install tankless heater"
"WHTR25-0211","Plumbing Water Heater","Closed","","07/30/2025","07/30/2025","11/06/2025","08/08/2025","Permit","420 W CHAPEL DOWNS DR","00186-1-6","convert 2 tank whs to a tankless"
"WHTR25-0210","Plumbing Water Heater","Closed","","07/29/2025","07/29/2025","10/30/2025","08/01/2025","Permit","1124 LONGFORD CIR","00242-16-2","Tankless water heater installation"
"WHTR25-0209","Plumbing Water Heater","Expired","","07/29/2025","07/29/2025","11/11/2025","","Permit","1425 BENT TRAIL CIR","00234-8-11","replacing (3) 50-gallon gas water heaters with (3) new tankless water heaters"
"WHTR25-0208","Plumbing Water Heater","Withdrawn","","","07/28/2025","","","Permit","2004 ESTES PARK DR","00015-8-6","Install Rinnai tankless hot water heater"
"WHTR25-0207","Plumbing Water Heater","Closed","","07/28/2025","07/28/2025","12/09/2025","09/10/2025","Permit","1405 PARK PL","00139-2-20","install (1) 50 gal gas water heater in attic (swap out)"
"WHTR25-0206","Plumbing Water Heater","Closed","","07/25/2025","07/25/2025","10/27/2025","07/29/2025","Permit","1014 HANOVER DR","00243-28-2","replace 2- 50 gallon gas water heaters"
"WHTR25-0205","Plumbing Water Heater","Closed","","07/22/2025","07/21/2025","10/21/2025","07/23/2025","Permit","405 BORDERS CT","00240-64-8","Replace w/h in garage (right one)."
"WHTR25-0204","Plumbing Water Heater","Closed","","07/21/2025","07/21/2025","11/03/2025","08/05/2025","Permit","1607 REGAL OAKS DR","00163-2-11","2- 50 GALLON (NATURAL) GAS WATER
FLOOD PROVENTION DEVICE FLOOD STOP
RECIRCULATING PUMP"
"WHTR25-0203","Plumbing Water Heater","Closed","","07/21/2025","07/21/2025","10/28/2025","07/30/2025","Permit","2702 MONTFORT CT","00280-2-31","Replacing 50 gallon gas water heater"
"WHTR25-0202","Plumbing Water Heater","Closed","","07/16/2025","07/16/2025","10/15/2025","07/17/2025","Permit","510 VILLA CROSSING","00236-63-31","Install Navien NPE 240A2 tankless water heater in the attic"
"WHTR25-0201","Plumbing Water Heater","Closed","","07/16/2025","07/15/2025","10/16/2025","07/18/2025","Permit","720 ABERDEEN WAY","00237-18-11","Replace 75 gallon gas water heater at attic"
"WHTR25-0200","Plumbing Water Heater","Closed","","07/15/2025","07/15/2025","10/20/2025","07/22/2025","Permit","2711 YORK CT","00280-2-49","Replace 50 gallon gas water heater"
"WHTR25-0199","Plumbing Water Heater","Expired","","07/14/2025","07/14/2025","10/20/2025","","Permit","1250 LAKEWAY DR","00213-4-8","standard 75 gallon water heater change out"
"WHTR25-0198","Plumbing Water Heater","Closed","","07/11/2025","07/11/2025","11/03/2025","08/05/2025","Permit","2401 REMUDA CT","00401-4-3","Replaced 2 water heaters side by side in attic"
"WHTR25-0197","Plumbing Water Heater","Expired","","07/10/2025","07/10/2025","10/08/2025","","Permit","3105 POWHATAN CT","00297-2-30","We will be installing two 50 gallon gas water heaters, these water heaters are located in the closet."
"WHTR25-0196","Plumbing Water Heater","Closed","","07/09/2025","07/09/2025","11/13/2025","08/15/2025","Permit","1021 E CONTINENTAL BLVD","00006-2-1R","REPLACEMENT OF 3 TANKLESS GAS WATER HEATERS INSIDE OF THE ATTIC                  Commrcial pulled in error.  This is a residential project"
"WHTR25-0195","Plumbing Water Heater","Closed","","07/08/2025","07/08/2025","10/08/2025","07/10/2025","Permit","1004 ASHLAWN DR","00120-7-10","3 50 gallon gas install in walk in attic"
"WHTR25-0194","Plumbing Water Heater","Closed","","07/08/2025","07/08/2025","10/13/2025","07/14/2025","Permit","804 TIMBER LAKE CIR","00245-7-30","INSTALL 50 GAL GAS WATER HEATER IN ATTIC"
"WHTR25-0193","Plumbing Water Heater","Closed","","07/08/2025","07/08/2025","10/08/2025","07/10/2025","Permit","112 VERMILION CT","00257-1-4","install two new 6 year 50 gallon gas water
heaters in separate attics"
"WHTR25-0192","Plumbing Water Heater","Closed","","07/08/2025","07/08/2025","10/13/2025","07/15/2025","Permit","918 EMERALD BLVD","00321-4-14","install 50 gallon gas water heater in attic"
"WHTR25-0191","Plumbing Water Heater","Closed","","07/08/2025","07/08/2025","10/09/2025","07/11/2025","Permit","1201 KIRKCALDY CT","00239-2-12R1R-10","water heater X2 replacement"
"WHTR25-0190","Plumbing Water Heater","Closed","","07/02/2025","07/02/2025","10/07/2025","07/09/2025","Permit","1411 NORTHRIDGE DR","00299-4-6","Replace 50 gal gas w/h in attic"
"WHTR25-0189","Plumbing Water Heater","Closed","","07/02/2025","07/02/2025","10/07/2025","07/09/2025","Permit","512 CLARIDEN RANCH RD","00307-2-7","Replace 50 gal gas water heater in attic"
"WHTR25-0188","Plumbing Water Heater","Closed","","07/02/2025","07/02/2025","10/01/2025","07/03/2025","Permit","701 LORRAINE DR","00258-4-16","Replace 50 gal gas water heater in attic"
"WHTR25-0187","Plumbing Water Heater","Closed","","07/02/2025","07/02/2025","10/07/2025","07/09/2025","Permit","708 SUSSEX CT","00280-2-84","Replace three (3) 50 gal gas water heaters in atttic"
"WHTR25-0186","Plumbing Water Heater","Expired","","07/01/2025","07/01/2025","09/29/2025","","Permit","301 CLARIDEN RANCH RD","00307-5-4","Install 50 gallon electric hot water heater"
"WHTR25-0185","Plumbing Water Heater","Closed","","07/01/2025","07/01/2025","09/30/2025","07/02/2025","Permit","1111 TRAVIS CT","00198-1-123","Replacing 2 gas water heaters in the attic"
"WHTR25-0184","Plumbing Water Heater","Closed","","07/02/2025","07/01/2025","10/06/2025","07/07/2025","Permit","1109 DEL MAR DR","00251-A-3","Tankless Water heater install"
"WHTR25-0183","Plumbing Water Heater","Closed","","06/30/2025","06/30/2025","10/09/2025","07/11/2025","Permit","1202 BRAZOS DR","00198-1-30","tank to tankless"
"WHTR25-0182","Plumbing Water Heater","Closed","","06/30/2025","06/30/2025","01/07/2026","10/09/2025","Permit","2708 AURORA CT","00248-1-23","50 gallon gas water heater installation"
"WHTR25-0181","Plumbing Water Heater","Closed","","06/30/2025","06/30/2025","10/01/2025","07/03/2025","Permit","1380 LAKEVIEW DR Southlake TX","00317-5-33","two gas water heaters - one in garage, one in hallway closet"
"WHTR25-0178","Plumbing Water Heater","Closed","","06/27/2025","06/27/2025","10/06/2025","07/07/2025","Permit","700 NELSON CT","00237-19-18","Relocating gas tankless water heater + gas line and gas test"
"WHTR25-0176","Plumbing Water Heater","Withdrawn","","","06/27/2025","","","Permit","1400 MAIN ST Unit: 250","00205-6-","TEST"
"WHTR25-0173","Plumbing Water Heater","Closed","","06/26/2025","06/26/2025","09/29/2025","06/30/2025","Permit","2104 BEAVER CREEK LN","00391-1-8","replace the 2 existing water heaters with new water heaters"
"WHTR25-0172","Plumbing Water Heater","Expired","","06/26/2025","06/25/2025","09/24/2025","","Permit","940 W DOVE RD","00016--1R1","Installation of 4-75 gallon gas water heaters"
"WHTR25-0171","Plumbing Water Heater","Expired","","06/25/2025","06/25/2025","09/23/2025","","Permit","1221 MERLOT DR","00258-7-18","1 GAS water heater installed"
"WHTR25-0170","Plumbing Water Heater","Closed","","06/25/2025","06/25/2025","09/29/2025","06/30/2025","Permit","502 STRATFORD DR","00213-7-72","50 gal water heater replacement"
"WHTR25-0169","Plumbing Water Heater","Expired","","06/24/2025","06/24/2025","09/22/2025","","Permit","906 PARKVIEW LN","00120-2-13","replace two 50 gallon tank water heaters in the second floor walk in attic

Install 1 PRV in front yard past irrigation at water meter location."
"WHTR25-0168","Plumbing Water Heater","Closed","","06/23/2025","06/23/2025","09/23/2025","06/25/2025","Permit","1208 BAY MEADOWS DR","00251-A-10","Replacing two (2) 50 gallon gas water heaters"
"WHTR25-0167","Plumbing Water Heater","Expired","","06/23/2025","06/23/2025","09/21/2025","","Permit","1403 DARTMOUTH DR","00213-8-40","2*50gl gas Water heater"
"WHTR25-0166","Plumbing Water Heater","Closed","","06/22/2025","06/22/2025","09/24/2025","06/26/2025","Permit","1145 HAVEN CIR","00006--19R","50 gal water heater gas"
"WHTR25-0165","Plumbing Water Heater","Closed","","06/19/2025","06/19/2025","09/22/2025","06/24/2025","Permit","1305 POWDER RIVER TRL","00100-4-5","REPLACE 1- 50 GALLON GAS WATER HEATER"
"WHTR25-0164","Plumbing Water Heater","Expired","","06/19/2025","06/19/2025","09/29/2025","","Permit","1108 TEALWOOD CT","00411-1-4","replace 1- 50 gallon gas water heater"
"WHTR25-0163","Plumbing Water Heater","Closed","","06/18/2025","06/18/2025","11/05/2025","08/07/2025","Permit","1304 BURGUNDY CT","00125-1-3","Install 50 Gallon Gas Water Heater in Attic (Swap Out)"
"WHTR25-0162","Plumbing Water Heater","Closed","","06/18/2025","06/18/2025","09/22/2025","06/24/2025","Permit","812 PYRENEES DR","00434-5-7","replace 1- existing tankless water heater"
"WHTR25-0161","Plumbing Water Heater","Closed","","06/16/2025","06/16/2025","09/17/2025","06/19/2025","Permit","304 LAKESIDE CT","00129-1-3","two 50 gallon gas water heaters"
"WHTR25-0160","Plumbing Water Heater","Closed","","06/16/2025","06/16/2025","09/15/2025","06/17/2025","Permit","307 DONLEY CT","00198-3-43","Installed Gas Water Heater"
"WHTR25-0159","Plumbing Water Heater","Closed","","06/15/2025","06/15/2025","09/16/2025","06/18/2025","Permit","1203 WESTMONT DR","00129-2-2","replace 1- 50 gallon gas water heater"
"WHTR25-0158","Plumbing Water Heater","Closed","","06/12/2025","06/12/2025","09/11/2025","06/13/2025","Permit","309 FOXBOROUGH LN","00024-3-18","replace gas water heater in upstairs closet"
"WHTR25-0157","Plumbing Water Heater","Closed","","06/12/2025","06/12/2025","11/03/2025","07/28/2025","Permit","100 W SOUTHLAKE BLVD Unit: 430","00050--2R1","Claffey Pools - Replace 5 gallon electric water hater in ceiling"
"WHTR25-0156","Plumbing Water Heater","Closed","","06/11/2025","06/11/2025","09/10/2025","06/12/2025","Permit","1027 DIAMOND BLVD","00321-4-9","replace water heater"
"WHTR25-0155","Plumbing Water Heater","Closed","","06/09/2025","06/09/2025","09/15/2025","06/17/2025","Permit","901 LA SALLE LN","00434-9-29","2-RINNAI TANKLESS HEATERS"
"WHTR25-0154","Plumbing Water Heater","Closed","","06/09/2025","06/09/2025","09/15/2025","06/16/2025","Permit","1319 EAGLE BEND","00240-63-10R","Install tankless with gas upgrade"
"WHTR25-0153","Plumbing Water Heater","Closed","","06/09/2025","06/09/2025","10/15/2025","07/17/2025","Permit","107 CLEAR BROOK CT","00122-6-12","install (1) 40 gal gas water heater in attic (swap out)"
"WHTR25-0152","Plumbing Water Heater","Closed","","06/05/2025","06/05/2025","09/08/2025","06/09/2025","Permit","1409 KENSINGTON CT","00236-40-5","Two Gas Water Heaters Installed"
"WHTR25-0151","Plumbing Water Heater","Closed","","06/05/2025","06/05/2025","09/09/2025","06/11/2025","Permit","1705 EGRET LN","00122-3-15","GAS WATER HEATER REPLACEMENT"
"WHTR25-0150","Plumbing Water Heater","Expired","","06/04/2025","06/04/2025","09/02/2025","","Permit","1609 ENCLAVE CT","00387--9","REPLACE 2-50 GAL GAS WATER HEATERS IN ATTIC"
"WHTR25-0149","Plumbing Water Heater","Closed","","06/04/2025","06/04/2025","09/04/2025","06/06/2025","Permit","140 GREEN OAKS LN","00127-2-12","replace gas water heater"
"WHTR25-0148","Plumbing Water Heater","Closed","","06/02/2025","06/02/2025","09/09/2025","06/11/2025","Permit","704 SILVER SPUR CT","00306-5-2","GAS TANKLESS WATER HEATER REPLACEMENT"
"WHTR25-0147","Plumbing Water Heater","Closed","","06/02/2025","06/02/2025","09/02/2025","06/03/2025","Permit","106 CHURCHILL CIR","00295-2-26","Replace 50 gallon natural gas water heater"
"WHTR25-0146","Plumbing Water Heater","Closed","","05/28/2025","05/28/2025","08/27/2025","05/29/2025","Permit","950 SOUTH BEND TRL","00208-1-6","water heater replacement 50 gal gas"
"WHTR25-0145","Plumbing Water Heater","Closed","","05/23/2025","05/23/2025","08/27/2025","05/29/2025","Permit","312 WINDING RIDGE TRL","00459-A-4","replacing water heater 50 gal"
"WHTR25-0144","Plumbing Water Heater","Closed","","05/20/2025","05/20/2025","08/20/2025","05/22/2025","Permit","104 CLEAR LAKE CT","00087-1-3","Replacing 50 gallon gas water heater"
"WHTR25-0143","Plumbing Water Heater","Closed","","05/20/2025","05/20/2025","09/02/2025","06/04/2025","Permit","614 LORRAINE DR","00258-5-8","Replacing 50 gallon gas water heater"
"WHTR25-0142","Plumbing Water Heater","Closed","","05/16/2025","05/16/2025","08/18/2025","05/20/2025","Permit","1300 CONCORD AVE","00119-1-6","50 gal water heater replacement"
"WHTR25-0141","Plumbing Water Heater","Expired","","05/15/2025","05/15/2025","09/02/2025","","Permit","804 GATESHEAD CT","00024-2-11","Replacing 50 gallon gas water heater"
"WHTR25-0140","Plumbing Water Heater","Closed","","05/15/2025","05/15/2025","08/18/2025","05/20/2025","Permit","334 WATERMERE DR","00406-2-3","water heater replacement 50 gal X2"
"WHTR25-0139","Plumbing Water Heater","Expired","","05/14/2025","05/14/2025","08/12/2025","","Permit","519 INDIAN PAINTBRUSH WAY","00207-1-3","INSTALLING 50 GAL GAS WATER HEATER IN THE ATTIC"
"WHTR25-0138","Plumbing Water Heater","Closed","","05/12/2025","05/12/2025","08/18/2025","05/20/2025","Permit","1200 POWDER RIVER TRL","00100-2-7","50 gal gas water heater replacement"
"WHTR25-0137","Plumbing Water Heater","Closed","","05/09/2025","05/09/2025","08/13/2025","05/15/2025","Permit","716 STACY DR","00487-A-24R","replacing one tankless water heater"
"WHTR25-0136","Plumbing Water Heater","Closed","","05/09/2025","05/09/2025","08/12/2025","05/14/2025","Permit","1904 CRESSON DR","00315-1-28","replacing one 75 gal and 50 gal water heaters both gas powered"
"WHTR25-0135","Plumbing Water Heater","Closed","","05/09/2025","05/09/2025","08/11/2025","05/13/2025","Permit","704 STACY DR","00487-A-21","replace 2 gwh - Garage"
"WHTR25-0134","Plumbing Water Heater","Closed","","05/08/2025","05/08/2025","08/13/2025","05/15/2025","Permit","302 CHESTNUT COVE CIR","00295-4-14","Replacing 50 gallon gas water heater"
"WHTR25-0133","Plumbing Water Heater","Closed","","05/07/2025","05/07/2025","08/11/2025","05/13/2025","Permit","801 COLUMBIA DR","00154-4-5","Replace 2 water heater.  Thanks"
"WHTR25-0132","Plumbing Water Heater","Expired","","05/06/2025","05/06/2025","08/04/2025","","Permit","606 MELROSE CT","00213-4-14","swap out gas tankless water heater in 2nd story attic"
"WHTR25-0131","Plumbing Water Heater","Closed","","05/05/2025","05/05/2025","08/07/2025","05/09/2025","Permit","1309 MONTGOMERY LN","00244-4-9","install (1) 50 gal gas water heater in hall closet (Swap out)"
"WHTR25-0130","Plumbing Water Heater","Closed","","05/05/2025","05/05/2025","08/04/2025","05/06/2025","Permit","1705 LIVE OAK LN","00164-2-2","2-50 gal water heaters"
"WHTR25-0129","Plumbing Water Heater","Closed","","05/02/2025","05/02/2025","08/06/2025","05/08/2025","Permit","800 WENTWOOD DR","00243-31-26","Replacement of 1 natural gas tanked water heater"
"WHTR25-0128","Plumbing Water Heater","Expired","","04/29/2025","04/29/2025","07/30/2025","","Permit","713 SUSSEX CT","00280-2-73","Replace tankless water heater"
"WHTR25-0127","Plumbing Water Heater","Closed","","04/28/2025","04/28/2025","07/30/2025","05/01/2025","Permit","1106 CALAIS DR","00258-3-10","50 gal gas water heater replacement"
"WHTR25-0126","Plumbing Water Heater","Closed","","04/28/2025","04/28/2025","07/28/2025","04/29/2025","Permit","721 WYNDSOR CREEK DR","00242-15-11","to replace x1 50 gal gas water heater in the 2nd story walk in attic"
"WHTR25-0125","Plumbing Water Heater","Closed","","04/25/2025","04/25/2025","07/28/2025","04/29/2025","Permit","1230 STANHOPE CT","00211-1-4","install 1 50-gal electric  water heater in garage"
"WHTR25-0124","Plumbing Water Heater","Closed","","04/23/2025","04/23/2025","07/24/2025","04/25/2025","Permit","2100 CUMBERLAND TRL","00261-3-17","50 gal gas water heater replacement"
"WHTR25-0123","Plumbing Water Heater","Closed","","04/22/2025","04/22/2025","07/23/2025","04/24/2025","Permit","204 E CHAPEL DOWNS DR","00295-5-8","install 1 50-gal gas water heater in upstairs closet"
"WHTR25-0122","Plumbing Water Heater","Closed","","04/22/2025","04/22/2025","08/04/2025","05/06/2025","Permit","830 SIMMONS CT","00192--11","install 2 50-gal gas water heaters in upstairs walk in attic"
"WHTR25-0121","Plumbing Water Heater","Closed","","04/19/2025","04/19/2025","07/21/2025","04/21/2025","Permit","300 CANYON LAKE DR","00087-3-10","Tankless water heater in attic."
"WHTR25-0120","Plumbing Water Heater","Closed","","04/18/2025","04/18/2025","07/21/2025","04/22/2025","Permit","1340 BENTLEY CT","00234-5-13","50 gal gas water heater replacement"
"WHTR25-0119","Plumbing Water Heater","Closed","","04/18/2025","04/18/2025","07/22/2025","04/23/2025","Permit","915 TURNBERRY LN","00316-3-19","50 gal gas water heater replacement"
"WHTR25-0118","Plumbing Water Heater","Closed","","04/17/2025","04/17/2025","09/02/2025","06/04/2025","Permit","1801 KINGSWOOD DR","00158-2-11","Replacing 50 gallon gas water heater"
"WHTR25-0117","Plumbing Water Heater","Closed","","04/16/2025","04/16/2025","07/21/2025","04/21/2025","Permit","704 CHAUCER CT","00280-2-13","replacing the other 50 gal water heater in attic"
"WHTR25-0116","Plumbing Water Heater","Closed","","04/15/2025","04/15/2025","07/15/2025","04/16/2025","Permit","704 CHAUCER CT","00280-2-13","replacing one water heater 50 gal gas"
"WHTR25-0115","Plumbing Water Heater","Closed","","04/15/2025","04/15/2025","07/29/2025","04/30/2025","Permit","2159 ESTES PARK DR","00015-3-6","GAS TANKLESS WATER HEATER"
"WHTR25-0114","Plumbing Water Heater","Closed","","04/14/2025","04/14/2025","07/15/2025","04/16/2025","Permit","402 ST CHARLES CT","00001-2-19","to replace x1 50 gal gas water heater in the attic above 1st floor"
"WHTR25-0113","Plumbing Water Heater","Closed","","04/14/2025","04/14/2025","07/28/2025","04/29/2025","Permit","1704 WILD ROSE WAY","00122-3-3","install (1) 40 gal gas water heater in attic (swap out)"
"WHTR25-0112","Plumbing Water Heater","Closed","","04/11/2025","04/11/2025","07/15/2025","04/16/2025","Permit","1328 REGENCY CT","00236-39-34","replacing 2 water heaters 50 gallon gas"
"WHTR25-0111","Plumbing Water Heater","Closed","","04/10/2025","04/10/2025","07/22/2025","04/23/2025","Permit","1408 PARK PL","00139-2-27","replacing 2 water heaters 50 gal gas"
"WHTR25-0110","Plumbing Water Heater","Closed","","04/07/2025","04/07/2025","07/08/2025","04/09/2025","Permit","1103 CROCKETT CT","00198-2-72","Replace a existing water heater"
"WHTR25-0109","Plumbing Water Heater","Closed","","04/07/2025","04/07/2025","07/08/2025","04/09/2025","Permit","1160 E DOVE RD","00089-1-2","Install two - 40 gal gas w/h in attic"
"WHTR25-0108","Plumbing Water Heater","Closed","","04/07/2025","04/07/2025","07/08/2025","04/09/2025","Permit","703 SARATOGA DR","00295-3-12","replace 75 gal gas heater in garage"
"WHTR25-0107","Plumbing Water Heater","Closed","","04/04/2025","04/04/2025","07/08/2025","04/09/2025","Permit","501 TIMBER LAKE DR","00245-4-32R1","Replacing the gas water heater in the garage"
"WHTR25-0106","Plumbing Water Heater","Closed","","04/03/2025","04/03/2025","08/04/2025","05/06/2025","Permit","1137 TEALWOOD CT","00411-1-16","Water heater change out"
"WHTR25-0105","Plumbing Water Heater","Closed","","03/31/2025","03/31/2025","07/07/2025","04/08/2025","Permit","1501 NEW CASTLE RD","00316-1-10","Return to replace Two 50 gallon gas water heaters & One 50 gallon, gas water heater"
"WHTR25-0104","Plumbing Water Heater","Closed","","03/31/2025","03/31/2025","07/01/2025","04/02/2025","Permit","1008 ASHLAWN DR","00120-7-8","50 Gallon Gas Water Heater"
"WHTR25-0103","Plumbing Water Heater","Expired","","03/28/2025","03/28/2025","06/26/2025","","Permit","314 WATERMERE DR","00406-2-3","Install 2-50 gallon gas hwh upstairs"
"WHTR25-0102","Plumbing Water Heater","Closed","","03/27/2025","03/27/2025","06/26/2025","03/28/2025","Permit","608 MELROSE CT","00213-4-15","swap out natural gas tankless in attic"
"WHTR25-0101","Plumbing Water Heater","Closed","","03/26/2025","03/26/2025","07/02/2025","04/03/2025","Permit","1219 WESTMONT DR","00129-2-10","to replace x2 50 gal gas water heaters in attic above 2nd floor"
"WHTR25-0100","Plumbing Water Heater","Closed","","03/26/2025","03/26/2025","07/31/2025","05/02/2025","Permit","1503 SPRUCE CT","00195-1-17","Install 50 Gallon Gas Water Heater in Garage Closet (Swap Out)"
"WHTR25-0099","Plumbing Water Heater","Closed","","03/25/2025","03/25/2025","06/30/2025","03/31/2025","Permit","1317 REGENCY CT","00236-41-14","REPLACE 50 GAL GAS WATER HEATER IN ATTIC"
"WHTR25-0098","Plumbing Water Heater","Closed","","03/25/2025","03/25/2025","06/26/2025","03/28/2025","Permit","1665 BYRON NELSON PKWY","00239-8-2","Replacing 2 gas water heaters in the garage with one tankless unit"
"WHTR25-0097","Plumbing Water Heater","Closed","","03/25/2025","03/25/2025","07/21/2025","04/21/2025","Permit","2965 BURNEY LN","00054-4-21","Installed a new 40-gallon electric wh in the utility room area."
"WHTR25-0096","Plumbing Water Heater","Issued","","03/25/2025","03/25/2025","12/16/2025","","Permit","1311 REGENCY CT","00236-41-11","replace 4 gas water heaters in attic"
"WHTR25-0095","Plumbing Water Heater","Closed","","03/25/2025","03/25/2025","07/29/2025","04/30/2025","Permit","605 STONEBURY DR","00215-2-18","Water Heater"
"WHTR25-0094","Plumbing Water Heater","Closed","","03/24/2025","03/23/2025","07/08/2025","04/09/2025","Permit","801 CROSS LN","00024-2-14","Replace 50gallon gas in attic"
"WHTR25-0093","Plumbing Water Heater","Closed","","03/24/2025","03/23/2025","07/14/2025","04/14/2025","Permit","1802 LANTANA CT","00096-2-7","Replace 2,  50 gallon gas in attic"
"WHTR25-0092","Plumbing Water Heater","Closed","","03/22/2025","03/21/2025","07/08/2025","04/09/2025","Permit","1003 MEADOW CT","00299-2-18","replacing 2 50 gal gas water heaters"
"WHTR25-0091","Plumbing Water Heater","Closed","","03/22/2025","03/21/2025","06/30/2025","03/31/2025","Permit","3021 FLAMINGO CIR","00003-1-16","Replace electric water heater"
"WHTR25-0090","Plumbing Water Heater","Closed","","03/22/2025","03/21/2025","06/23/2025","03/25/2025","Permit","405 MARSHALL RD","00084-2-27","50 gallon water heater replacement"
"WHTR25-0089","Plumbing Water Heater","Closed","","03/19/2025","03/19/2025","06/19/2025","03/22/2025","Permit","345 N PEARSON LN","00322--1B01C","50 gallon electric water heater"
"WHTR25-0088","Plumbing Water Heater","Expired","","03/18/2025","03/18/2025","06/16/2025","","Permit","1403 PARK PL","00139-2-21","install tankless gas wh"
"WHTR25-0087","Plumbing Water Heater","Expired","","03/18/2025","03/18/2025","07/07/2025","","Permit","630 FAIRWAY VIEW TER","00241-25-18","install (1) 50 gal gas in attic (swap out)"
"WHTR25-0086","Plumbing Water Heater","Closed","","03/13/2025","03/13/2025","06/16/2025","03/17/2025","Permit","1317 ST ALBANS PATH","00239-7-16","2-50 gallon gas water heaters in the attic change out"
"WHTR25-0085","Plumbing Water Heater","Closed","","03/13/2025","03/13/2025","06/16/2025","03/18/2025","Permit","217 EASTWOOD DR","00271-1-17R","tankless water heater swapout"
"WHTR25-0084","Plumbing Water Heater","Expired","","03/12/2025","03/12/2025","07/02/2025","","Permit","1705 W CONTINENTAL BLVD","00442--1","2 Water heater replacments"
"WHTR25-0083","Plumbing Water Heater","Closed","","03/12/2025","03/12/2025","06/17/2025","03/19/2025","Permit","804 HANOVER DR","00243-28-19","GAS WATER HEATER REPLACEMENT"
"WHTR25-0082","Plumbing Water Heater","Closed","","03/12/2025","03/12/2025","06/16/2025","03/18/2025","Permit","1413 STONE LAKES DR","00213-3-23","Water Heater Replacement"
"WHTR25-0081","Plumbing Water Heater","Issued","","03/11/2025","03/11/2025","02/04/2026","","Permit","1734 TUSCAN RIDGE CIR","00252-2-7","INSTALL 50 GAL GAS IN ATTIC"
"WHTR25-0080","Plumbing Water Heater","Closed","","03/10/2025","03/10/2025","07/03/2025","04/04/2025","Permit","1104 CALAIS DR","00258-3-11","install 50 gal gas water heater in attic"
"WHTR25-0079","Plumbing Water Heater","Closed","","03/10/2025","03/10/2025","07/07/2025","04/08/2025","Permit","1308 KINGS BROOK CT","00129-1-68","Replace 2 gas water heaters"
"WHTR25-0078","Plumbing Water Heater","Closed","","03/07/2025","03/07/2025","12/23/2025","09/24/2025","Permit","602 LOGANS LN","00241-27-2","Replaced water heater in attic"
"WHTR25-0077","Plumbing Water Heater","Closed","","03/07/2025","03/07/2025","06/11/2025","03/13/2025","Permit","2406 TAYLOR ST","00011-3-7","Install 40 Gallon Natural Gas Water Heater"
"WHTR25-0076","Plumbing Water Heater","Withdrawn","","03/07/2025","03/07/2025","06/05/2025","03/11/2025","Permit","1734 TUSCAN RIDGE CIR","00252-2-7","40 gal water heater"
"WHTR25-0075","Plumbing Water Heater","Expired","","03/07/2025","03/07/2025","06/05/2025","","Permit","810 GATESHEAD CT","00024-2-8","50 Gal Water Heater"
"WHTR25-0074","Plumbing Water Heater","Closed","","03/07/2025","03/06/2025","06/23/2025","03/24/2025","Permit","2054 MIRACLE POINTE DR","00116-1-7","Replace 2 tankless water heater"
"WHTR25-0073","Plumbing Water Heater","Closed","","03/07/2025","03/06/2025","06/10/2025","03/12/2025","Permit","902 PARKVIEW LN","00120-2-12","50 gallon gas WH replacement in attic above master closet"
"WHTR25-0072","Plumbing Water Heater","Closed","","03/06/2025","03/06/2025","07/02/2025","04/03/2025","Permit","800 CROSS LN","00024-3-1","Replace 3 water heaters"
"WHTR25-0071","Plumbing Water Heater","Withdrawn","","","03/06/2025","","","Permit","105 HARVARD DR","00154-4-8","REPLACE 1- 50 GALLON GAS WATER HEATER"
"WHTR25-0070","Plumbing Water Heater","Closed","","03/05/2025","03/05/2025","06/09/2025","03/10/2025","Permit","1725 WEEPING WILLOW WAY","00207-6-7","Replace 50 gallon gas water heater"
"WHTR25-0069","Plumbing Water Heater","Expired","","03/04/2025","03/04/2025","06/12/2025","","Permit","500 ST LAURENT CT","00258-6-22","Replace two water heaters"
"WHTR25-0068","Plumbing Water Heater","Closed","","03/04/2025","03/04/2025","07/14/2025","04/14/2025","Permit","1369 LAKEVIEW DR","00317-4-46R1","50 gal water heater gas"
"WHTR25-0067","Plumbing Water Heater","Closed","","03/04/2025","03/04/2025","06/05/2025","03/07/2025","Permit","545 MICHENER CT","00297-1-10","repalce 50 gal gas wh in 2nd floor closet with automatic water shut off"
"WHTR25-0066","Plumbing Water Heater","Closed","","03/03/2025","03/03/2025","06/12/2025","03/14/2025","Permit","1342 WOODBROOK CT","00317-4-13R","50 gallon gas water heater"
"WHTR25-0065","Plumbing Water Heater","Closed","","03/02/2025","03/02/2025","06/02/2025","03/04/2025","Permit","317 DOVE CREEK TRL","00218-3-14R","water heater 50 gal"
"WHTR25-0064","Plumbing Water Heater","Closed","","03/01/2025","03/01/2025","09/15/2025","06/16/2025","Permit","410 BRYN MEADOWS","00240-62-51","Replace 50 gal gas water heater in attic"
"WHTR25-0063","Plumbing Water Heater","Closed","","02/28/2025","02/28/2025","06/23/2025","03/24/2025","Permit","405 TIMBER LAKE WAY","00245-1-37R","Replace 50 GAL NG water heater"
"WHTR25-0062","Plumbing Water Heater","Closed","","02/28/2025","02/28/2025","06/02/2025","03/03/2025","Permit","1108 BRAZOS DR","00198-1-40","Install 50 gallon gas hot water heater"
"WHTR25-0061","Plumbing Water Heater","Closed","","02/28/2025","02/28/2025","06/02/2025","03/04/2025","Permit","807 DURHAM CT","00232-12-34","50 gal gas water heater"
"WHTR25-0060","Plumbing Water Heater","Closed","","02/28/2025","02/28/2025","06/02/2025","03/03/2025","Permit","703 WYNDSOR CREEK DR","00242-15-2","Replace 2 - 50 gal gas w/h in attic"
"WHTR25-0059","Plumbing Water Heater","Closed","","02/27/2025","02/27/2025","06/02/2025","03/03/2025","Permit","802 PARKDALE DR","00245-8-2","50 gal gas water heater"
"WHTR25-0058","Plumbing Water Heater","Closed","","02/25/2025","02/25/2025","05/27/2025","02/26/2025","Permit","2460 GREENBOUGH LN","00026--14","replace 2 gas water heaters in garage"
"WHTR25-0057","Plumbing Water Heater","Closed","","02/25/2025","02/25/2025","06/09/2025","03/10/2025","Permit","1625 BRUMLOW AVE","00224--3","Claffey Pools - Replace 6 gal water heater in ceiling over women's restroom"
"WHTR25-0056","Plumbing Water Heater","Closed","","02/24/2025","02/24/2025","06/02/2025","03/04/2025","Permit","808 ELMBROOK CT","00245-7-39","Replacing the 2 gas water heaters in the attic with 1 tankless unit"
"WHTR25-0055","Plumbing Water Heater","Closed","","02/24/2025","02/24/2025","06/09/2025","03/10/2025","Permit","900 JENNY TER","00242-16-38","Tankless Water Heater Installed"
"WHTR25-0054","Plumbing Water Heater","Closed","","02/24/2025","02/24/2025","05/27/2025","02/26/2025","Permit","1490 BENT TRAIL CIR","00234-9-30","install 1- tankless water heater- with gas upgrade"
"WHTR25-0053","Plumbing Water Heater","Closed","","02/21/2025","02/21/2025","06/03/2025","03/05/2025","Permit","505 REGENCY CROSSING","00236-42-10","Replace gas tankless water heater with new gas tankless water heater"
"WHTR25-0052","Plumbing Water Heater","Expired","","02/20/2025","02/20/2025","05/27/2025","","Permit","104 WILMINGTON CT","00267-2-11","Replace 50 gallon gas wh in attic"
"WHTR25-0051","Plumbing Water Heater","Closed","","02/18/2025","02/18/2025","05/27/2025","02/25/2025","Permit","1202 FOREST HILLS DR","00129-2-21","Tankless water heater in the attic."
"WHTR25-0050","Plumbing Water Heater","Closed","","02/18/2025","02/18/2025","05/22/2025","02/21/2025","Permit","408 WOODSONG WAY","00448-4-4","Replacing two (2) 50 gallon gas water heaters"
"WHTR25-0049","Plumbing Water Heater","Closed","","02/17/2025","02/17/2025","05/28/2025","02/27/2025","Permit","902 HILLCREST TRL","00196-3-6","Replacing 50 gal. gas water heater in attic."
"WHTR25-0048","Plumbing Water Heater","Expired","","02/17/2025","02/17/2025","05/18/2025","","Permit","505 COYOTE RD","00307-4-11","Replacing 2 gas water heaters"
"WHTR25-0047","Plumbing Water Heater","Closed","","02/14/2025","02/14/2025","05/20/2025","02/19/2025","Permit","2489 RAINTREE DR","00342--5K","50 gal gas water heater"
"WHTR25-0043","Plumbing Water Heater","Closed","","02/14/2025","02/14/2025","05/19/2025","02/17/2025","Permit","704 SUTTON MILL CT","00119-4-16","replace 50 gallon gas water heater 1st floor closet"
"WHTR25-0042","Plumbing Water Heater","Withdrawn","","02/13/2025","02/13/2025","05/27/2025","02/24/2025","Permit","504 TIMBER LAKE WAY Southlake TX","00245-4-18R","Electric tankless Water Heater Replacement"
"WHTR25-0041","Plumbing Water Heater","Closed","","02/12/2025","02/12/2025","05/19/2025","02/17/2025","Permit","925 SOUTH BEND TRL","00208-4-9","50 gal gas water heater"
"WHTR25-0040","Plumbing Water Heater","Closed","","02/12/2025","02/12/2025","05/27/2025","02/26/2025","Permit","315 E DOVE RD","00276-1-4R2","replaced water heater electric water heater and added flood stop"
"WHTR25-0039","Plumbing Water Heater","Expired","","02/11/2025","02/11/2025","05/12/2025","","Permit","726 BRYSON WAY","00233-59-10","Install Rinnai 11.1 Gas Tankless Water Heater in Garage"
"WHTR25-0038","Plumbing Water Heater","Closed","","02/10/2025","02/10/2025","05/19/2025","02/18/2025","Permit","1016 TENNYSON DR","00418-3-10","tankless water heater swapout"
"WHTR25-0037","Plumbing Water Heater","Closed","","02/10/2025","02/10/2025","05/27/2025","02/25/2025","Permit","200 CREEKWAY BEND","00234-9-11","2 Tankless water heater install"
"WHTR25-0036","Plumbing Water Heater","Closed","","02/10/2025","02/10/2025","05/15/2025","02/14/2025","Permit","716 LONGFORD DR","00242-13-7","replace 1- 50 gallon gas water heater"
"WHTR25-0035","Plumbing Water Heater","Closed","","02/06/2025","02/06/2025","05/14/2025","02/13/2025","Permit","108 KEYSTONE DR","00391-2-3","2-50 gal gas water heaters"
"WHTR25-0034","Plumbing Water Heater","Closed","","02/05/2025","02/05/2025","05/13/2025","02/12/2025","Permit","206 DONLEY CT","00198-3-28","GAS WATER HEATER REPLACEMENT"
"WHTR25-0033","Plumbing Water Heater","Closed","","02/05/2025","02/05/2025","05/27/2025","02/24/2025","Permit","302 WATERMERE DR","00406-2-3","tank to tankless"
"WHTR25-0032","Plumbing Water Heater","Closed","","02/03/2025","02/03/2025","05/08/2025","02/07/2025","Permit","306 SHEFFIELD DR","00213-3-3","50 gallon gas water heater"
"WHTR25-0031","Plumbing Water Heater","Closed","","02/03/2025","02/03/2025","05/15/2025","02/14/2025","Permit","721 SAXON TRL","00233-55-10","Install 50 Gallon Gas Water Heater in Garage"
"WHTR25-0030","Plumbing Water Heater","Closed","","01/30/2025","01/30/2025","05/12/2025","02/10/2025","Permit","1306 LAKEWAY DR","00213-4-3","Replacing water heater in pull down attic"
"WHTR25-0029","Plumbing Water Heater","Closed","","01/30/2025","01/30/2025","05/05/2025","02/04/2025","Permit","1315 BENT TRAIL CIR","00234-8-2","water heater 50 gallon gas"
"WHTR25-0028","Plumbing Water Heater","Closed","","01/30/2025","01/30/2025","05/05/2025","02/03/2025","Permit","1516 BYRON NELSON PKWY","00239-1-15","replace 50 gal gas wh in 2nd story attic through walk in  closet"
"WHTR25-0026","Plumbing Water Heater","Closed","","01/28/2025","01/28/2025","05/05/2025","02/04/2025","Permit","1216 COSTA AZUL CT","00260--5","replacing 50 gal water heater"
"WHTR25-0025","Plumbing Water Heater","Closed","","01/28/2025","01/28/2025","05/01/2025","01/31/2025","Permit","1206 MEADOW RIDGE CT","00196-4-16","50 gal gas wh replacement"
"WHTR25-0024","Plumbing Water Heater","Closed","","01/27/2025","01/27/2025","04/29/2025","01/29/2025","Permit","1656 ROYAL OAKS CT","00178--4","Replacing the electric water heater in the hall closet off of the kitchen"
"WHTR25-0023","Plumbing Water Heater","Closed","","01/27/2025","01/27/2025","04/30/2025","01/30/2025","Permit","1205 LANSDOWNE CT","00241-25-12","two 50 gallon gas water heaters"
"WHTR25-0022","Plumbing Water Heater","Closed","","01/24/2025","01/24/2025","04/28/2025","01/28/2025","Permit","1760 SLEEPY HOLLOW TRL","00294-1-4R7R-11","Replace 50 gallon gas water heater"
"WHTR25-0021","Plumbing Water Heater","Closed","","01/24/2025","01/24/2025","04/30/2025","01/30/2025","Permit","611 HEATHERGLEN DR","00232-34-2","replace 1- tankless water heater"
"WHTR25-0020","Plumbing Water Heater","Closed","","01/23/2025","01/23/2025","04/29/2025","01/29/2025","Permit","2151 ESTES PARK DR","00015-3-8","replace 2- 50 gallon gas wh"
"WHTR25-0019","Plumbing Water Heater","Closed","","01/22/2025","01/22/2025","05/05/2025","02/04/2025","Permit","605 CONCHO CT","00198-3-88","Install 50 Gallon Gas Water Heater in Upstairs Closet"
"WHTR25-0018","Plumbing Water Heater","Expired","","01/22/2025","01/22/2025","05/27/2025","","Permit","2120 SNOW MASS CT","00015-11-12","replace 1- 50 gallon gas water heater"
"WHTR25-0017","Plumbing Water Heater","Closed","","01/20/2025","01/20/2025","04/24/2025","01/24/2025","Permit","509 CLARIDEN RANCH RD","00307-3-8","tankless swapout"
"WHTR25-0016","Plumbing Water Heater","Expired","","01/17/2025","01/17/2025","04/30/2025","","Permit","1407 MCCRAE TRL","00100-2-32","Install 50 Gallon Electric Water Heater in Attic"
"WHTR25-0015","Plumbing Water Heater","Closed","","01/17/2025","01/17/2025","04/21/2025","01/21/2025","Permit","914 INDEPENDENCE PKWY","00120-1-10","Replace 50 gal gas water heater in attic"
"WHTR25-0014","Plumbing Water Heater","Closed","","01/17/2025","01/17/2025","04/21/2025","01/21/2025","Permit","1404 KENSINGTON CT","00236-39-2","Install Navien tankless w/h"
"WHTR25-0013","Plumbing Water Heater","Closed","","01/16/2025","01/16/2025","04/23/2025","01/23/2025","Permit","1203 LANSDOWNE CT","00241-25-13","replacing 2 water heaters"
"WHTR25-0012","Plumbing Water Heater","Expired","","01/15/2025","01/15/2025","04/28/2025","","Permit","600 GARDEN CT","00028--10","Replace 50 gallon gas wh in garage"
"WHTR25-0011","Plumbing Water Heater","Closed","","01/15/2025","01/15/2025","05/14/2025","02/13/2025","Permit","1440 BENT TRAIL CIR","00234-9-34","Install 50 Gallon Gas Water Heater in Attic"
"WHTR25-0010","Plumbing Water Heater","Closed","","01/15/2025","01/15/2025","04/17/2025","01/17/2025","Permit","3604 IRON MOUNTAIN RANCH CT","00308-1-6","REPLACE 50 GAL GAS WH IN GARAGE"
"WHTR25-0009","Plumbing Water Heater","Expired","","01/14/2025","01/14/2025","05/12/2025","","Permit","812 SAXON TRL","00233-57-6","Install 75 gal gas water heater in upstairs closet"
"WHTR25-0008","Plumbing Water Heater","Closed","","01/13/2025","01/13/2025","04/16/2025","01/16/2025","Permit","412 BRANDING IRON DR","00401-3-2","Install 2- 50 gal gas heaters in attic"
"WHTR25-0007","Plumbing Water Heater","Expired","","01/13/2025","01/13/2025","04/13/2025","","Permit","1203 CROSS TIMBER DR","00317-3-1","Install 40 gallon gas water heater in attic"
"WHTR25-0006","Plumbing Water Heater","Closed","","01/09/2025","01/09/2025","04/24/2025","01/24/2025","Permit","3504 SUNRISE RANCH RD","00308-3-6","Plumber will be replacing two gas 50 gallon water heaters located in the garage."
"WHTR25-0005","Plumbing Water Heater","Closed","","01/06/2025","01/06/2025","04/24/2025","01/24/2025","Permit","105 SURREY CT","00297-4-4","Install 50 Gallon Gas Water Heater in Garage Closet"
"WHTR25-0004","Plumbing Water Heater","Closed","","01/06/2025","01/06/2025","04/07/2025","01/07/2025","Permit","500 SHADY LN","00342--5B04D","Replacing the gas water heater in the guest house"
"WHTR25-0003","Plumbing Water Heater","Closed","","01/06/2025","01/06/2025","05/05/2025","02/04/2025","Permit","225 E BOB JONES RD","00103--4","Replace two (2) 50 gal gas water heaters in the attic with expansion tank and new Taco pump"
"WHTR25-0002","Plumbing Water Heater","Closed","","01/06/2025","01/06/2025","04/07/2025","01/07/2025","Permit","504 TIMBER LAKE WAY","00245-4-18R","Replace 75 gal ng wh"
"WHTR25-0001","Plumbing Water Heater","Closed","","01/03/2025","01/03/2025","04/14/2025","01/13/2025","Permit","1346 MEADOW GLEN","00317-5-19","Remove and replace Water Heater - 40 gal, Gas"
"WHTR24-0349","Plumbing Water Heater","Closed","","12/31/2024","12/31/2024","04/07/2025","01/07/2025","Permit","1106 LA PALOMA CT","00088-1-12R","Replace gas water heater in attic"
"WHTR24-0348","Plumbing Water Heater","Closed","","12/30/2024","12/30/2024","04/02/2025","01/02/2025","Permit","1565 BENT CREEK DR","00234-7-28","Install 50 gas water heater in the attic"
"WHTR24-0347","Plumbing Water Heater","Closed","","12/30/2024","12/30/2024","05/12/2025","02/11/2025","Permit","2609 SUMMIT RIDGE DR","00130-2-10","replacing 2 50 gal water heaters"
"WHTR24-0346","Plumbing Water Heater","Closed","","12/30/2024","12/30/2024","04/15/2025","01/15/2025","Permit","209 WESTWOOD DR","00271-1-23","Replace customer supplied 50 gallon gas water heater"
"WHTR24-0345","Plumbing Water Heater","Closed","","12/30/2024","12/30/2024","05/14/2025","02/13/2025","Permit","1106 CALAIS DR","00258-3-10","50 gal gas water heater replacement"
"WHTR24-0344","Plumbing Water Heater","Closed","","12/23/2024","12/23/2024","03/31/2025","12/31/2024","Permit","1209 OAKWOOD TRL","00311-2-28","50 gallon gas water heater in home."
"WHTR24-0343","Plumbing Water Heater","Closed","","12/19/2024","12/19/2024","03/31/2025","12/30/2024","Permit","309 TRAIL DUST DR","00401-5-9","TANK TO TANKLESS INSTALL"
"WHTR24-0342","Plumbing Water Heater","Closed","","12/18/2024","12/18/2024","04/02/2025","01/02/2025","Permit","204 CANYON LAKE DR","00087-2-19","replacing one water heater 5o gal"
"WHTR24-0341","Plumbing Water Heater","Closed","","12/17/2024","12/17/2024","05/12/2025","02/10/2025","Permit","2370 LONESOME DOVE AVE","00099-1-1R1R","Replace water heater in garage"
"WHTR24-0340","Plumbing Water Heater","Closed","","12/16/2024","12/16/2024","03/18/2025","12/18/2024","Permit","1435 N PEYTONVILLE AVE","00068--12","install 50 gal gas water heater"
"WHTR24-0339","Plumbing Water Heater","Closed","","12/12/2024","12/12/2024","03/20/2025","12/20/2024","Permit","1795 KINGSWOOD DR","00158-2-9","REPLACE 50 GAL GAS WATER HEATER IN CLOSET"
"WHTR24-0338","Plumbing Water Heater","Closed","","12/12/2024","12/12/2024","03/20/2025","12/20/2024","Permit","1601 BYRON NELSON PKWY","00239-5-26","double water heater swapout"
"WHTR24-0337","Plumbing Water Heater","Closed","","12/12/2024","12/12/2024","05/08/2025","02/07/2025","Permit","110 WILMINGTON CT","00267-1-6","install 3 50-gas water heaters 2 attic 1 over master bathroom"
"WHTR24-0336","Plumbing Water Heater","Closed","","12/11/2024","12/11/2024","04/08/2025","01/08/2025","Permit","927 PARKVIEW LN","00120-4-3R","Replacing gas tankless water heater 
(in attic)"
"WHTR24-0335","Plumbing Water Heater","Closed","","12/10/2024","12/10/2024","03/12/2025","12/12/2024","Permit","1105 TEALWOOD CT","00411-1-17","Replacing two (2) 50 gallon gas water heaters"
"WHTR24-0334","Plumbing Water Heater","Closed","","12/06/2024","12/06/2024","03/10/2025","12/09/2024","Permit","1001 SOUTH HOLLOW DR","00195-3-1","Replace 50 gallon gas water heater"
"WHTR24-0333","Plumbing Water Heater","Expired","","12/06/2024","12/06/2024","03/19/2025","","Permit","3301 GRAY LN","00305-2-1","INSTALL TWO ELECTRIC WATER HEATERS IN ATTIC AND OLD INTERIOR ROOM"
"WHTR24-0332","Plumbing Water Heater","Closed","","12/06/2024","12/06/2024","03/13/2025","12/13/2024","Permit","304 BLANCO CIR","00198-1-46","Replace gas tankless water heater"
"WHTR24-0331","Plumbing Water Heater","Closed","","12/04/2024","12/04/2024","03/17/2025","12/16/2024","Permit","904 SOUTH HOLLOW CT","00195-1-5","Gas tank water heater"
"WHTR24-0330","Plumbing Water Heater","Closed","","12/03/2024","12/03/2024","03/04/2025","12/04/2024","Permit","806 HUNTINGTON CT","00120-3-6R","Replacing 50 gal water heater in the attic"
"WHTR24-0329","Plumbing Water Heater","Expired","","12/03/2024","12/03/2024","03/03/2025","","Permit","925 PARKVIEW LN","00120-4-4R","Install non-condensing tankless water heater."
"WHTR24-0328","Plumbing Water Heater","Closed","","12/02/2024","12/02/2024","03/04/2025","12/04/2024","Permit","2407 TAYLOR ST","00011-1-12","Replacement of existing tank water heater with Bradford White water heater."
"WHTR24-0327","Plumbing Water Heater","Closed","","12/02/2024","12/02/2024","03/04/2025","12/04/2024","Permit","902 INDEPENDENCE PKWY","00120-3-16","Install two (2) 50 gal gas water heaters in the attic"
"WHTR24-0326","Plumbing Water Heater","Closed","","12/02/2024","12/02/2024","03/11/2025","12/11/2024","Permit","1213 KINGS BROOK DR","00129-3-20","water heater 50 gallon replacing two total"
"WHTR24-0325","Plumbing Water Heater","Closed","","11/29/2024","11/29/2024","03/03/2025","12/03/2024","Permit","160 BENT TRAIL DR","00234-6-1","Replacing the gas water heater in the closet"
"WHTR24-0324","Plumbing Water Heater","Closed","","11/27/2024","11/27/2024","03/05/2025","12/05/2024","Permit","2930 RIDGECREST DR","00216-1-1","Replace two electric water heaters.  One in the upper barn and one in the lower barn."
"WHTR24-0323","Plumbing Water Heater","Closed","","11/26/2024","11/26/2024","03/03/2025","12/02/2024","Permit","1628 TUSCAN RIDGE CIR","00252-2-19","GAS WATER HEATER REPLACEMENT"
"WHTR24-0322","Plumbing Water Heater","Closed","","11/26/2024","11/26/2024","03/05/2025","12/05/2024","Permit","104 CLEAR LAKE CT","00087-1-3","Replacing 50 gallon gas water heater"
"WHTR24-0321","Plumbing Water Heater","Closed","","11/26/2024","11/26/2024","03/03/2025","12/02/2024","Permit","702 ASHLEIGH LN","00232-12-74","replace 75 gallon gas water heater in garage"
"WHTR24-0320","Plumbing Water Heater","Closed","","11/25/2024","11/25/2024","03/10/2025","12/10/2024","Permit","1209 STRATHMORE DR","00241-26-4","Install Navien Tankless Water Heater"
"WHTR24-0319","Plumbing Water Heater","Closed","","11/22/2024","11/22/2024","03/04/2025","12/04/2024","Permit","1007 SOUTH HOLLOW DR","00195-2-10","REPLACE (2) 50 GAL GAS WH GARAGE AND CLOSET"
"WHTR24-0318","Plumbing Water Heater","Closed","","11/22/2024","11/22/2024","02/24/2025","11/26/2024","Permit","675 SOUTHVIEW TRL","00208-4-4","replacing one 50 gal gas water heater"
"WHTR24-0317","Plumbing Water Heater","Closed","","11/21/2024","11/21/2024","05/29/2025","02/28/2025","Permit","1512 MAIN ST","00206-21-25","75 gas tank water heater replacement on 3rd floor balcony closet"
"WHTR24-0316","Plumbing Water Heater","Closed","","11/19/2024","11/19/2024","03/12/2025","12/12/2024","Permit","501 PRESTON CT","00243-28-33","INSTALLING 50 GAL GAS WATER HEATER IN THE ATTIC"
"WHTR24-0315","Plumbing Water Heater","Expired","","11/19/2024","11/19/2024","02/17/2025","","Permit","109 BRENTWOOD CIR","00166-1-3","Replace (2) 50 gallon water heaters"
"WHTR24-0314","Plumbing Water Heater","Closed","","11/19/2024","11/19/2024","03/03/2025","12/03/2024","Permit","1218 SARAH PARK TRL","00242-16-28","change 50 gal gas water heater in attic."
"WHTR24-0313","Plumbing Water Heater","Expired","","11/19/2024","11/18/2024","02/17/2025","","Permit","1311 HAT CREEK TRL","00100-5-6","Replace two (2) 50 gal gas water heaters in attic"
"WHTR24-0312","Plumbing Water Heater","Closed","","11/18/2024","11/18/2024","02/24/2025","11/26/2024","Permit","904 WESTMINSTER WAY","00280-1-43","replace 1- 50 gallon gas water heater"
"WHTR24-0311","Plumbing Water Heater","Closed","","11/18/2024","11/18/2024","02/19/2025","11/21/2024","Permit","101 REGENT CT","00213-1-2","REPLACE 50 GALLON GAS WATER HEATER 2ND FLOOR ATTIC"
"WHTR24-0310","Plumbing Water Heater","Expired","","11/17/2024","11/17/2024","02/19/2025","","Permit","203 TIMBER LAKE WAY","00245-1-2","replace gas water heater in attic"
"WHTR24-0309","Plumbing Water Heater","Closed","","11/15/2024","11/15/2024","02/17/2025","11/18/2024","Permit","609 WINDING CREEK CT","00245-1-58","Replacing the gas water heater in the upstairs"
"WHTR24-0308","Plumbing Water Heater","Closed","","11/15/2024","11/15/2024","05/19/2025","02/18/2025","Permit","305 WINDING RIDGE TRL Southlake TX","00459-A-9","install 50 gallon gas water heater"
"WHTR24-0307","Plumbing Water Heater","Closed","","11/15/2024","11/15/2024","05/19/2025","02/18/2025","Permit","1719 REDWING DR","00122-8-63","REPLACE TWO (2)  50 GAL GAS WH in attic"
"WHTR24-0306","Plumbing Water Heater","Closed","","11/13/2024","11/13/2024","02/19/2025","11/21/2024","Permit","303 CHESTNUT COVE CIR","00295-4-9","Replace 50-gal Gas WH in garage"
"WHTR24-0305","Plumbing Water Heater","Closed","","11/12/2024","11/12/2024","02/05/2026","11/07/2025","Permit","200 E CONTINENTAL BLVD","00037-1-3R2","Replace tankless water heater with new Navien tankless water heater"
"WHTR24-0304","Plumbing Water Heater","Closed","","11/09/2024","11/09/2024","02/17/2025","11/18/2024","Permit","1311 SUNSHINE LN","00376--3A01H","Install 50 gallon gas in garage"
"WHTR24-0303","Plumbing Water Heater","Closed","","11/08/2024","11/08/2024","06/25/2025","03/27/2025","Permit","407 WATERMERE DR","00433---09","Tankless water heater replacement with leak protector"
"WHTR24-0302","Plumbing Water Heater","Expired","","11/07/2024","11/07/2024","02/24/2025","","Permit","720 LOVE HENRY CT","00062-1-6","INSTALLING 50 GAL GAS WATER HEATER IN ATTIC"
"WHTR24-0301","Plumbing Water Heater","Closed","","11/06/2024","11/06/2024","02/10/2025","11/11/2024","Permit","1725 SLEEPY HOLLOW TRL","00294-1-18A","replacing a 40 and 50 gallon water heater"
"WHTR24-0300","Plumbing Water Heater","Closed","","11/06/2024","11/06/2024","02/10/2025","11/11/2024","Permit","3120 MERRIMAC CT","00297-2-22","Replace 50 gallon gas water heater & repair gas line to pool heater."
"WHTR24-0299","Plumbing Water Heater","Closed","","11/04/2024","11/04/2024","02/04/2025","11/06/2024","Permit","1401 PECOS DR","00198-4-22","Replacing 2 gas water heaters"
"WHTR24-0298","Plumbing Water Heater","Closed","","11/03/2024","11/03/2024","02/04/2025","11/06/2024","Permit","722 SAXON TRL","00233-56-14","replacing one 50 gal water heater"
"WHTR24-0297","Plumbing Water Heater","Closed","","11/01/2024","11/01/2024","05/05/2025","02/03/2025","Permit","4383 SODA RIDGE RD","00093-C-2R","Replace tankless with new Navien tankless water heater"
"WHTR24-0296","Plumbing Water Heater","Closed","","11/04/2024","10/31/2024","02/03/2025","11/05/2024","Permit","327 WATERMERE DR","00406-1-4R02","Replacing 50 gal gas WH in the attic"
"WHTR24-0295","Plumbing Water Heater","Closed","","10/30/2024","10/30/2024","01/30/2025","11/01/2024","Permit","300 DONLEY CT","00198-3-33","Replacing 50 gal gas WH in hallway closet"
"WHTR24-0294","Plumbing Water Heater","Closed","","10/29/2024","10/29/2024","01/30/2025","11/01/2024","Permit","717 MONTE CARLO DR","00434-6-12","replacing 2 elec 50 gal water heaters"
"WHTR24-0293","Plumbing Water Heater","Closed","","10/29/2024","10/29/2024","02/03/2025","11/05/2024","Permit","410 SOUTHVIEW TRL","00208-6-1","Replace gas tankless water heater with new tankless"
"WHTR24-0292","Plumbing Water Heater","Closed","","10/28/2024","10/28/2024","02/04/2025","11/06/2024","Permit","2000 ESTES PARK DR","00015-8-5","tankless water heater replacement"
"WHTR24-0291","Plumbing Water Heater","Closed","","10/25/2024","10/25/2024","01/27/2025","10/28/2024","Permit","2602 MEDLIN CT","00100-1-18","Replace 50 gal gas water heater in attic"
"WHTR24-0290","Plumbing Water Heater","Closed","","10/25/2024","10/25/2024","02/04/2025","11/06/2024","Permit","400 BRYN MEADOWS","00240-62-46","REPLACE TWO 50 GALLON GAS WATER HEATERS IN ATTIC"
"WHTR24-0289","Plumbing Water Heater","Closed","","10/23/2024","10/23/2024","01/22/2025","10/24/2024","Permit","606 MORNINGSIDE DR","00125-2-4","Main Water Tankless Heating System Installation"
"WHTR24-0288","Plumbing Water Heater","Closed","","10/23/2024","10/23/2024","01/27/2025","10/31/2024","Permit","1633 TUSCAN RIDGE CIR","00252-1-23","Replace two 50 gallon electric water heaters"
"WHTR24-0287","Plumbing Water Heater","Closed","","10/22/2024","10/22/2024","01/22/2025","10/24/2024","Permit","1205 HAT CREEK TRL","00100-1-8","Replacing the gas water heater in the attic"
"WHTR24-0286","Plumbing Water Heater","Closed","","10/22/2024","10/22/2024","01/22/2025","10/24/2024","Permit","1202 SAN AUGUSTINE CT","00198-5-13","replace 1- 50 gallon gas water heater"
"WHTR24-0285","Plumbing Water Heater","Closed","","10/21/2024","10/21/2024","01/21/2025","10/23/2024","Permit","1341 MEADOW GLEN","00317-5-11","install 1 40 gal gas water heater in garage closet"
"WHTR24-0284","Plumbing Water Heater","Closed","","10/18/2024","10/18/2024","01/30/2025","11/01/2024","Permit","1009 BRAZOS DR","00198-2-26","Install 40 gallon electric lowboy water heater"
"WHTR24-0283","Plumbing Water Heater","Closed","","10/17/2024","10/17/2024","01/21/2025","10/23/2024","Permit","1000 BERKSHIRE RD","00418-2-6","replace 2- 50 gallon water heaters"
"WHTR24-0282","Plumbing Water Heater","Closed","","10/17/2024","10/17/2024","01/21/2025","10/23/2024","Permit","804 SHADOW GLEN DR","00245-4-3","Replacing 50 gallon gas water heater"
"WHTR24-0281","Plumbing Water Heater","Closed","","10/17/2024","10/17/2024","01/22/2025","10/24/2024","Permit","731 ASHLEIGH LN","00232-12-56","replace 2- 50 gallon gas water heaters"
"WHTR24-0280","Plumbing Water Heater","Closed","","10/16/2024","10/16/2024","01/21/2025","10/23/2024","Permit","1409 STONE LAKES DR","00213-3-25","REPLACE 50 GAL GAS WATER HEATER"
"WHTR24-0279","Plumbing Water Heater","Closed","","10/16/2024","10/16/2024","01/27/2025","10/28/2024","Permit","708 CHAUCER CT","00280-2-15","Replace 50 gal gas water heater in attic"
"WHTR24-0278","Plumbing Water Heater","Closed","","10/16/2024","10/16/2024","02/04/2025","11/06/2024","Permit","1305 REGENCY CT","00236-41-8","Replace 75 gal gas water heater in attic"
"WHTR24-0277","Plumbing Water Heater","Closed","","10/14/2024","10/14/2024","01/21/2025","10/22/2024","Permit","1307 EAGLE BEND","00240-63-4R","Replaced 2 gas water heaters located in the attic."
"WHTR24-0276","Plumbing Water Heater","Closed","","10/09/2024","10/09/2024","01/09/2025","10/11/2024","Permit","813 INDEPENDENCE PKWY","00120-6-4","replace 2- 50 gallon gas water heaters"
"WHTR24-0275","Plumbing Water Heater","Closed","","10/09/2024","10/09/2024","01/09/2025","10/11/2024","Permit","1001 LAKE FOREST DR","00245-6-1","replace 1- 50 gallon gas water heater"
"WHTR24-0274","Plumbing Water Heater","Closed","","10/08/2024","10/08/2024","01/13/2025","10/15/2024","Permit","803 BRAZOS DR","00198-2-61","Replace water heater on second floor atic"
"WHTR24-0273","Plumbing Water Heater","Closed","","10/08/2024","10/08/2024","01/23/2025","10/25/2024","Permit","1720 REDWING DR","00122-8-83","Installation of two RXP199 Rinnai Tankless Water Heaters."
"WHTR24-0272","Plumbing Water Heater","Closed","","10/08/2024","10/08/2024","01/13/2025","10/14/2024","Permit","2902 BRISTOL GLEN","00168-2-42","Replace 2 gas water heaters in garage"
"WHTR24-0271","Plumbing Water Heater","Closed","","10/07/2024","10/07/2024","01/09/2025","10/11/2024","Permit","387 WATERMERE DR","00433---09","Requesting tankless water heater install."
"WHTR24-0270","Plumbing Water Heater","Closed","","10/02/2024","10/02/2024","01/06/2025","10/08/2024","Permit","3024 LOCH MEADOW CT","00097-1-23","replacing one 50 gal water heater"
"WHTR24-0269","Plumbing Water Heater","Closed","","10/02/2024","10/02/2024","01/08/2025","10/10/2024","Permit","921 ASPEN RIDGE DR","00015-11-9","GAS WATER HEATER REPLACEMENT"
"WHTR24-0268","Plumbing Water Heater","Expired","","10/01/2024","10/01/2024","02/07/2025","","Permit","910 HIDDEN MEADOW CT","00204-1-10","Install (2) 50 gallon gas water heaters in attic"
"WHTR24-0267","Plumbing Water Heater","Closed","","09/30/2024","09/30/2024","12/30/2024","10/01/2024","Permit","503 TIMBER LAKE WAY","00245-1-41R","Gas water heater in attic off media room"
"WHTR24-0265","Plumbing Water Heater","Closed","","09/30/2024","09/30/2024","12/30/2024","10/01/2024","Permit","601 STRATFORD DR Southlake TX","00213-4-30","Gas water heater."
"WHTR24-0263","Plumbing Water Heater","Closed","","09/29/2024","09/29/2024","12/30/2024","10/01/2024","Permit","107 KILLDEER CT","00122-1-10","replace gas water heater"
"WHTR24-0242","Plumbing Water Heater","Closed","","09/24/2024","09/24/2024","12/26/2024","09/26/2024","Permit","219 TIMBER LAKE WAY","00245-1-26","Replace 50 gal gas w/h in attic"
"WHTR24-0241","Plumbing Water Heater","Closed","","09/23/2024","09/23/2024","02/13/2025","11/15/2024","Permit","2016 MONTECITO TRL","00404-1-5","Install 2 50 gallon gas water heaters"
"WHTR24-0240","Plumbing Water Heater","Closed","","09/23/2024","09/23/2024","12/31/2024","10/02/2024","Permit","731 BRYSON WAY","00233-57-5","replacing two gas water heaters"
"WHTR24-0239","Plumbing Water Heater","Closed","","09/20/2024","09/20/2024","01/06/2025","10/07/2024","Permit","455 BROOKS CT","00132-1-21","install tankless and 50 gal water heater - Gas"
"WHTR24-0238","Plumbing Water Heater","Closed","","09/20/2024","09/20/2024","12/26/2024","09/25/2024","Permit","504 EVERWOOD CT","00229-53-5","replace 1- 50 gallon gas water heater"
"WHTR24-0237","Plumbing Water Heater","Expired","","09/17/2024","09/17/2024","12/16/2024","","Permit","1628 BYRON NELSON PKWY","00239-1-26","INSTALLING 50 GAL GAS WATER HEATER IN ATTIC **Withdrawn Duplicate Permit**"
"WHTR24-0236","Plumbing Water Heater","Closed","","09/17/2024","09/17/2024","12/23/2024","09/24/2024","Permit","2900 BURNEY LN","00054-2-3","40-gallon electric water heater"
"WHTR24-0235","Plumbing Water Heater","Expired","","09/16/2024","09/16/2024","12/30/2024","","Permit","1628 BYRON NELSON PKWY","00239-1-26","Installing 50 gallon gas water heater in attic"
"WHTR24-0234","Plumbing Water Heater","Closed","","09/16/2024","09/16/2024","12/17/2024","09/18/2024","Permit","634 REGENCY CROSSING","00236-38-26","replacing 2 water heaters"
"WHTR24-0233","Plumbing Water Heater","Closed","","09/16/2024","09/16/2024","12/30/2024","09/30/2024","Permit","1507 CHIMNEY WORKS DR","00299-2-10","replacing one 50 gal water heater elec"
"WHTR24-0232","Plumbing Water Heater","Closed","","09/13/2024","09/13/2024","12/16/2024","09/16/2024","Permit","1206 STRATHMORE DR","00241-24-4","Replacing 50 gal WH in the attic"
"WHTR24-0231","Plumbing Water Heater","Expired","","09/11/2024","09/11/2024","12/26/2024","","Permit","300 SOUTHRIDGE LAKES PKWY","00198-4-7","Installing 50 gallon gas water heater in closet"
"WHTR24-0230","Plumbing Water Heater","Closed","","09/11/2024","09/11/2024","12/23/2024","09/23/2024","Permit","141 HARRELL DR","00305-3-3","Replace 50-gallon electric water heater in the garage"
"WHTR24-0229","Plumbing Water Heater","Closed","","09/09/2024","09/09/2024","01/21/2025","10/22/2024","Permit","1108 BAY MEADOWS DR","00251-A-14","Replacing the electric water heater; different unit from the one we replaced 8/2023"
"WHTR24-0228","Plumbing Water Heater","Expired","","09/06/2024","09/06/2024","12/26/2024","","Permit","575 BRIARWOOD DR","00174-B-6","INSTALL 50 GAL ELEC WATER HEATER"
"WHTR24-0227","Plumbing Water Heater","Expired","","09/04/2024","09/04/2024","12/17/2024","","Permit","1206 NORMANDY DR","00213-1-9","INSTALL 40 GAL GAS WATER HEATER"
"WHTR24-0226","Plumbing Water Heater","Closed","","08/30/2024","08/30/2024","12/23/2024","09/23/2024","Permit","2105 BOULDER CT","00391-3-13","Installing 2 50 gallon gas water heaters in attic"
"WHTR24-0225","Plumbing Water Heater","Closed","","08/28/2024","08/28/2024","11/27/2024","08/29/2024","Permit","1623 MOCKINGBIRD LN","00002-1-12","replace 2 gas water heaters in attic"
"WHTR24-0224","Plumbing Water Heater","Closed","","08/28/2024","08/28/2024","11/27/2024","08/29/2024","Permit","1141 LA MIRADA","00396-1-2R1","Install new Navien tankless water heaters in attic over the master bath"
"WHTR24-0223","Plumbing Water Heater","Closed","","08/26/2024","08/26/2024","12/04/2024","09/05/2024","Permit","1110 LA PALOMA CT","00088-1-14R","Install Rinnai tankless heater"
"WHTR24-0222","Plumbing Water Heater","Expired","","08/23/2024","08/23/2024","11/26/2024","","Permit","533 S WHITE CHAPEL BLVD","00010--4R1","Installing 2 50 gallon gas water heaters in garage"
"WHTR24-0221","Plumbing Water Heater","Closed","","08/20/2024","08/20/2024","01/06/2025","10/07/2024","Permit","619 FAIRWAY VIEW TER","00241-24-30","replaced 2 water heaters in two separate attics"
"WHTR24-0220","Plumbing Water Heater","Closed","","08/20/2024","08/20/2024","11/21/2024","08/23/2024","Permit","206 MANOR PL","00213-2-17","Replace 50 gallon gas water heater"
"WHTR24-0219","Plumbing Water Heater","Expired","","08/19/2024","08/19/2024","11/18/2024","","Permit","2900 BRISTOL GLEN","00168-2-41","50 gallon gas water heater"
"WHTR24-0218","Plumbing Water Heater","Closed","","08/19/2024","08/19/2024","11/26/2024","08/28/2024","Permit","808 HELMSLEY PL","00418-6-19","Replacing 50 gallon gas water heater (left side only)"
"WHTR24-0217","Plumbing Water Heater","Closed","","08/19/2024","08/19/2024","11/20/2024","08/22/2024","Permit","575 SOUTHVIEW TRL","00208-4-6","Install 75 Gallon Natural Gas Water Heater"
"WHTR24-0216","Plumbing Water Heater","Closed","","08/19/2024","08/19/2024","01/27/2025","10/28/2024","Permit","759 N KIMBALL AVE","00254-A-1A","Replacing 40 gallon electric water heater"
"WHTR24-0215","Plumbing Water Heater","Closed","","08/19/2024","08/19/2024","12/02/2024","08/30/2024","Permit","1304 GOLDEN GATE DR","00251-B-21","Installing 50 gallon electric water heater"
"WHTR24-0214","Plumbing Water Heater","Closed","","08/14/2024","08/14/2024","12/19/2024","09/20/2024","Permit","1101 LA PALOMA CT","00088-1-8","replace tankless water heater left side of house in attic"
"WHTR24-0213","Plumbing Water Heater","Closed","","08/13/2024","08/13/2024","12/02/2024","09/03/2024","Permit","638 REGENCY CROSSING","00236-38-24","Installing 50 gallon gas water heater in attic"
"WHTR24-0212","Plumbing Water Heater","Expired","","08/13/2024","08/13/2024","11/11/2024","","Permit","2900 HARBOR REFUGE","00054-3-11R","2 50 gallon natural gas water heaters in attic"
"WHTR24-0211","Plumbing Water Heater","Closed","","08/12/2024","08/12/2024","11/13/2024","08/15/2024","Permit","625 SOUTHVIEW TRL","00208-4-5","REPLACE 50 GAL GAS WATER HEATER IN THE GARAGE"
"WHTR24-0210","Plumbing Water Heater","Closed","","08/12/2024","08/12/2024","12/02/2024","08/30/2024","Permit","700 DEER HOLLOW BLVD","00207-5-18","Installing 50 gallon gas water heater in  attic"
"WHTR24-0209","Plumbing Water Heater","Expired","","08/12/2024","08/12/2024","11/11/2024","","Permit","1404 LAUREL LN","00096-1-10","two 50 gallon gas water heaters"
"WHTR24-0208","Plumbing Water Heater","Closed","","08/12/2024","08/12/2024","11/11/2024","08/13/2024","Permit","1403 HAMPTON CT","00213-8-23","50 gallon gas water heater."
"WHTR24-0207","Plumbing Water Heater","Closed","","08/08/2024","08/08/2024","11/20/2024","08/22/2024","Permit","723 ASHLEIGH LN","00232-12-52","replace 50 gal gas wh in garage"
"WHTR24-0206","Plumbing Water Heater","Closed","","08/09/2024","08/08/2024","11/12/2024","08/14/2024","Permit","1001 INDEPENDENCE CT","00120-2-27","Replace 50 gal gas WH in attic"
"WHTR24-0205","Plumbing Water Heater","Closed","","08/07/2024","08/07/2024","11/07/2024","08/09/2024","Permit","902 HANOVER DR","00243-28-15","50 gallon gas water heater located in the attic."
"WHTR24-0204","Plumbing Water Heater","Closed","","08/06/2024","08/06/2024","11/11/2024","08/12/2024","Permit","304 SHEFFIELD DR","00213-3-2","water heater replacement 50 gal"
"WHTR24-0203","Plumbing Water Heater","Expired","","08/06/2024","08/06/2024","11/25/2024","","Permit","704 ESSEX CT","00213-6-6","Installing 2 50 gallon gas water heaters in closet and attic"
"WHTR24-0202","Plumbing Water Heater","Closed","","08/02/2024","08/02/2024","11/05/2024","08/07/2024","Permit","611 LLANO CT","00198-1-76R","replacing 2 water heaters"
"WHTR24-0201","Plumbing Water Heater","Closed","","08/01/2024","08/01/2024","11/05/2024","08/07/2024","Permit","204 MARIE CIR","00440--15","replace 50 gallon gas water heater"
"WHTR24-0200","Plumbing Water Heater","Closed","","08/01/2024","08/01/2024","12/17/2024","09/18/2024","Permit","1200 PROVINCE LN","00239-1-40","replace 1- existing tankless with new tankless water heater- swap out NO gas upgrade"
"WHTR24-0199","Plumbing Water Heater","Closed","","07/29/2024","07/29/2024","12/04/2024","09/05/2024","Permit","1010 ASHLAWN DR","00120-7-7","replacing one water heater 50 gal"
"WHTR24-0198","Plumbing Water Heater","Closed","","07/29/2024","07/29/2024","11/07/2024","08/09/2024","Permit","1005 VENICE AVE","00191-5-1","to replace x2 50 gal gas water heaters in the garage platform"
"WHTR24-0197","Plumbing Water Heater","Closed","","07/29/2024","07/29/2024","10/28/2024","07/30/2024","Permit","1615 PECOS DR","00198-4-45","Replace 50 gallon water heater with 2 gallon expansion tank"